 * * * * * * * * * * * * * * * * * *
   info 2023-05-05 04:35:35.656      front   main  60830 5446609                                  main - * AnyDesk MAC Startup *
   info 2023-05-05 04:35:35.656      front   main  60830 5446609                                  main - * Version 7.0.1 (mac_release_7.0.1 7920a93bbfda05e2897f5a97c7a8ce848c49d4f3)
   info 2023-05-05 04:35:35.656      front   main  60830 5446609                                  main - * Build 20230123180253
   info 2023-05-05 04:35:35.656      front   main  60830 5446609                                  main - * Prefix ad
   info 2023-05-05 04:35:35.660      front   main  60830 5446609                                  main - * OS Version 13.2.1 (Build 22D68)
   info 2023-05-05 04:35:35.660      front   main  60830 5446609                                  main - * Launch path /Applications/AnyDesk.app
   info 2023-05-05 04:35:35.660      front   main  60830 5446609                                  main - * Copyright (C) AnyDesk Software GmbH *
   info 2023-05-05 04:35:35.660      front   main  60830 5446609                                  main - 
   info 2023-05-05 04:35:35.660      front   main  60830 5446609                                  main - ppid: 1 uid: 501
   info 2023-05-05 04:35:35.660      front   main  60830 5446609                                  main - process maxfiles 256 : -1
   info 2023-05-05 04:35:35.660      front   main  60830 5446609                                  main - raising RLIMIT_NOFILE to 10240
   info 2023-05-05 04:35:35.661      front   main  60830 5446609                         impl_selector - using neon
  error 2023-05-05 04:35:35.772      front   main  60830 5446609         mac_app.helper_tool_interface - Global files not found.
   info 2023-05-05 04:35:35.772      front   main  60830 5446609                   fiber.ipc_namespace - Global: no
   info 2023-05-05 04:35:35.772      front   main  60830 5446609                           AppDelegate - Starting a local service.
warning 2023-05-05 04:35:35.774      front   main  60830 5446609                   fiber.ipc_namespace - Local namespace without service.
 * * * * * * * * * * * * * * * * * *
   info 2023-05-05 04:35:35.781       lsvc   main  60831 5446683                                  main - * AnyDesk MAC Startup *
   info 2023-05-05 04:35:35.781       lsvc   main  60831 5446683                                  main - * Version 7.0.1 (mac_release_7.0.1 7920a93bbfda05e2897f5a97c7a8ce848c49d4f3)
   info 2023-05-05 04:35:35.781       lsvc   main  60831 5446683                                  main - * Build 20230123180253
   info 2023-05-05 04:35:35.781       lsvc   main  60831 5446683                                  main - * Prefix ad
   info 2023-05-05 04:35:35.783       lsvc   main  60831 5446683                                  main - * OS Version 13.2.1 (Build 22D68)
   info 2023-05-05 04:35:35.783       lsvc   main  60831 5446683                                  main - * Launch path /Applications/AnyDesk.app
   info 2023-05-05 04:35:35.783       lsvc   main  60831 5446683                                  main - * Copyright (C) AnyDesk Software GmbH *
   info 2023-05-05 04:35:35.783       lsvc   main  60831 5446683                                  main - 
   info 2023-05-05 04:35:35.783       lsvc   main  60831 5446683                                  main - ppid: 60830 uid: 501
   info 2023-05-05 04:35:35.783       lsvc   main  60831 5446683                                  main - process maxfiles 10240 : -1
   info 2023-05-05 04:35:35.783       lsvc   main  60831 5446683                         impl_selector - using neon
   info 2023-05-05 04:35:35.784       lsvc   main  60831 5446683                       app.common_path - initialized user = /Users/patcharapongpuinongpoo/.anydesk, system = /Users/patcharapongpuinongpoo/.anydesk
warning 2023-05-05 04:35:35.784       lsvc   main  60831 5446683                       app.common_path - Can't symlink /Users/patcharapongpuinongpoo/Movies/anydesk (0)
   info 2023-05-05 04:35:35.784       lsvc   main  60831 5446683                      main.run_service - Starting local service.
   info 2023-05-05 04:35:35.788       lsvc   main  60831 5446683          base.data.config_application - Adding GPO defaults layer.
   info 2023-05-05 04:35:35.788       lsvc   main  60831 5446683          base.data.config_application - Adding GPO overrides layer.
   info 2023-05-05 04:35:35.788       lsvc   main  60831 5446683                               app.mdm - Loaded 0/102 MDM overrides
   info 2023-05-05 04:35:35.788       lsvc   main  60831 5446683                               app.mdm - Loaded 0/102 MDM overrides
   info 2023-05-05 04:35:35.789       lsvc   main  60831 5446683            permission_profile_manager - Migrating V0 -> V1
   info 2023-05-05 04:35:35.792       lsvc   main  60831 5446683                       fiber.scheduler - Spawning root fiber 1.
   info 2023-05-05 04:35:35.792       lsvc   main  60831 5446683                       fiber.scheduler - Scheduler started.
   info 2023-05-05 04:35:35.792       lsvc   main  60831 5446683    1                      app.service - Opening the IPC namespace.
   info 2023-05-05 04:35:35.792       lsvc   main  60831 5446683    1              fiber.ipc_namespace - Global: no
   info 2023-05-05 04:35:35.792       lsvc   main  60831 5446683    1                      app.service - Logging into the IPC namespace.
   info 2023-05-05 04:35:35.792       lsvc   main  60831 5446683    1                  fiber.scheduler - Spawning child fiber 2 'license_adapter' (parent: 1).
   info 2023-05-05 04:35:35.792       lsvc   main  60831 5446683    1                      app.service - Starting to supervise the IPC namespace.
   info 2023-05-05 04:35:35.793       lsvc   main  60831 5446683    1                      app.service - Starting the connector.
   info 2023-05-05 04:35:35.793       lsvc   main  60831 5446683    1            anynet.connection_mgr - Generating a new certificate and key.
   info 2023-05-05 04:35:35.808       lsvc   main  60831 5446683    1            anynet.connection_mgr - 2 CA certificate(s) loaded.
   info 2023-05-05 04:35:35.808       lsvc   main  60831 5446683    1                  fiber.scheduler - Spawning root fiber 3 'connection_mgr'.
   info 2023-05-05 04:35:35.809       lsvc   main  60831 5446683    1                  fiber.scheduler - Spawning root fiber 4 'main_relay_conn'.
   info 2023-05-05 04:35:35.810       lsvc   main  60831 5446683    1                  fiber.scheduler - Spawning root fiber 5 'tcp_acceptor'.
   info 2023-05-05 04:35:35.810       lsvc   main  60831 5446683    1                      app.service - Setting up the listen sockets.
   info 2023-05-05 04:35:35.810       lsvc   main  60831 5446683    1                  fiber.scheduler - Spawning root fiber 6.
   info 2023-05-05 04:35:35.811       lsvc   main  60831 5446683    1                      app.service - Service startup completed.
   info 2023-05-05 04:35:35.811       lsvc   main  60831 5446683    1            app.discovery_manager - Updated Discovery settings: repeat interval (1000), repeat limit (10), buffer interval (5000), port range (3)
   info 2023-05-05 04:35:35.811       lsvc   main  60831 5446683    1            app.discovery_manager - Starting Discovery.
   info 2023-05-05 04:35:35.811       lsvc   main  60831 5446683    1                   ad.wol_service - Starting WOL service.
   info 2023-05-05 04:35:35.811       lsvc   main  60831 5446683    1                  fiber.scheduler - Spawning child fiber 7 'wol_service' (parent: 1).
   info 2023-05-05 04:35:35.812       lsvc   main  60831 5446683    1                  fiber.scheduler - Spawning child fiber 8 'invitation_service' (parent: 1).
   info 2023-05-05 04:35:35.812       lsvc   main  60831 5446683    1                      app.service - Waiting for messages.
   info 2023-05-05 04:35:35.812       lsvc   main  60831 5446683    3            anynet.connection_mgr - Starting connection manager fiber.
   info 2023-05-05 04:35:35.812       lsvc   main  60831 5446683    4           anynet.main_relay_conn - Starting main relay connection.
   info 2023-05-05 04:35:35.812       lsvc   main  60831 5446683    4                  fiber.scheduler - Spawning child fiber 9 'relay_connector' (parent: 4 'main_relay_conn').
   info 2023-05-05 04:35:35.813       lsvc   main  60831 5446683    5              anynet.tcp_acceptor - Listening on TCP port 7070.
   info 2023-05-05 04:35:35.813       lsvc   main  60831 5446683    6                anynet.any_socket - Listen fiber started.
   info 2023-05-05 04:35:35.813       lsvc   main  60831 5446683    7                      anynet.conn - Request before connect. Queueing.
   info 2023-05-05 04:35:35.813       lsvc   main  60831 5446683    9           anynet.relay_connector - Relay connector started.
   info 2023-05-05 04:35:35.813       lsvc   main  60831 5446683    9           anynet.relay_connector - Start proxy search.
   info 2023-05-05 04:35:35.815       lsvc   main  60831 5446683    9           anynet.relay_connector - Connecting to relay boot.net.anydesk.com (1/1)
   info 2023-05-05 04:35:35.815       lsvc   main  60831 5446683    9           anynet.relay_connector - Skipping connect method connect_proxy_443 (1/6) (no proxy found)
   info 2023-05-05 04:35:35.815       lsvc   main  60831 5446683    9           anynet.relay_connector - Skipping connect method connect_proxy_80 (2/6) (no proxy found)
   info 2023-05-05 04:35:35.815       lsvc   main  60831 5446683    9           anynet.relay_connector - Skipping connect method socks_proxy_443 (3/6) (no proxy found)
   info 2023-05-05 04:35:35.842       lsvc   main  60831 5446683    9           anynet.relay_connector - Using IPv4: 92.223.88.232
   info 2023-05-05 04:35:35.876      front   main  60830 5446609                       app.common_path - initialized user = /Users/patcharapongpuinongpoo/.anydesk, system = /Users/patcharapongpuinongpoo/.anydesk
   info 2023-05-05 04:35:35.876      front   main  60830 5446609                           AppDelegate - Starting frontend (6).
   info 2023-05-05 04:35:35.877      front   main  60830 5446609          base.data.config_application - Adding GPO defaults layer.
   info 2023-05-05 04:35:35.877      front   main  60830 5446609          base.data.config_application - Adding GPO overrides layer.
   info 2023-05-05 04:35:35.877      front   main  60830 5446609                               app.mdm - Loaded 0/102 MDM overrides
   info 2023-05-05 04:35:35.877      front   main  60830 5446609                               app.mdm - Loaded 0/102 MDM overrides
   info 2023-05-05 04:35:35.878      front   main  60830 5446609                           gui.gui_app - DPI scaling: 2.00 / 2.00
   info 2023-05-05 04:35:35.878      front   main  60830 5446609                           gui.gui_app - Using high-resolution bitmaps.
warning 2023-05-05 04:35:35.879      front   main  60830 5446609                          account_info - Could not read account info from config.
warning 2023-05-05 04:35:35.879      front   main  60830 5446609                          account_info - Could not read account info from config.
   info 2023-05-05 04:35:35.880      front   main  60830 5446609                       base.signal.hub - 4 threads.
   info 2023-05-05 04:35:35.913      front   timr  60830 5446691          base.signal.local.timer_impl - Initialized master timer.
   info 2023-05-05 04:35:35.914      front   ctrl  60830 5446692                      mac_app.frontend - Frontend startup.
   info 2023-05-05 04:35:35.914      front   ctrl  60830 5446692                      mac_app.frontend - Logging the frontend in.
   info 2023-05-05 04:35:35.914       lsvc   main  60831 5446683    1                      app.service - Process start: 60830 (frontend).
   info 2023-05-05 04:35:35.914       lsvc   main  60831 5446683    1           anynet.relay_connector - Short timeouts enabled.
   info 2023-05-05 04:35:35.916       lsvc   main  60831 5446683    1                      app.service - New IPC connection.
   info 2023-05-05 04:35:35.916       lsvc   main  60831 5446683    1                  fiber.scheduler - Spawning child fiber 10 'ipc_connection' (parent: 1).
   info 2023-05-05 04:35:35.916       lsvc   main  60831 5446683   10                      app.service - Creating an IPC accept socket.
   info 2023-05-05 04:35:35.916       lsvc   main  60831 5446683   10                      app.service - Connected to 60830 (frontend).
   info 2023-05-05 04:35:35.916       lsvc   main  60831 5446683   10                      app.service - Process login detected.
warning 2023-05-05 04:35:35.917      front   wrk1  60830 5446694                                   sif - Dropping out of date license response.
   info 2023-05-05 04:35:35.917      front   wrk2  60830 5446695                               app.mdm - Loaded 0/102 MDM overrides
   info 2023-05-05 04:35:35.918       lsvc   main  60831 5446683   10                  fiber.scheduler - Spawning child fiber 11 'account_adapter' (parent: 10 'ipc_connection').
   info 2023-05-05 04:35:35.918       lsvc   main  60831 5446683   10                      app.service - 5 Unexpected: packet_msg_t.
   info 2023-05-05 04:35:35.921      front   ctrl  60830 5446692                     base.monitor_info - 1 active monitor(s) found.
   info 2023-05-05 04:35:36.028       lsvc   main  60831 5446683    9                  fiber.scheduler - Spawning root fiber 12.
   info 2023-05-05 04:35:36.153      front   main  60830 5446609                             url_query - append
   info 2023-05-05 04:35:36.153      front   main  60830 5446609                             url_query - append
   info 2023-05-05 04:35:36.153      front   main  60830 5446609                             url_query - append
  error 2023-05-05 04:35:36.196      front   main  60830 5446609         mac_app.helper_tool_interface - Global files not found.
   info 2023-05-05 04:35:36.408       lsvc   main  60831 5446683    9           anynet.relay_connector - Cipher: ECDHE-ECDSA-AES256-GCM-SHA384 TLSv1.2 Kx=ECDH Au=ECDSA Enc=AESGCM(256) Mac=AEAD
   info 2023-05-05 04:35:36.409       lsvc   main  60831 5446683    9                  fiber.scheduler - Spawning root fiber 13.
   info 2023-05-05 04:35:36.421       lsvc   main  60831 5446683    9                        handshake - Using protocol version 3.
   info 2023-05-05 04:35:36.607       lsvc   main  60831 5446683                       fiber.scheduler - Fiber 9 'relay_connector' (parent: 4 'main_relay_conn') requested quit of fiber 13.
   info 2023-05-05 04:35:36.608       lsvc   main  60831 5446683   13                      fiber.fiber - Received quit.
   info 2023-05-05 04:35:36.608       lsvc   main  60831 5446683                       fiber.scheduler - Fiber 13 terminated.
   info 2023-05-05 04:35:36.608       lsvc   main  60831 5446683                       fiber.scheduler - Fiber 9 'relay_connector' (parent: 4 'main_relay_conn') requested quit of fiber 12.
   info 2023-05-05 04:35:36.608       lsvc   main  60831 5446683   12                      fiber.fiber - Received quit.
   info 2023-05-05 04:35:36.608       lsvc   main  60831 5446683                       fiber.scheduler - Fiber 12 terminated.
   info 2023-05-05 04:35:36.608       lsvc   main  60831 5446683    9           anynet.relay_connector - Connection terminated: anynet_invalid_zone
   info 2023-05-05 04:35:36.608       lsvc   main  60831 5446683    9           anynet.relay_connector - Received a new server list (10 servers)
   info 2023-05-05 04:35:36.608       lsvc   main  60831 5446683    9           anynet.relay_connector - Connecting to relay relay-4cd09a66.net.anydesk.com (1/10)
   info 2023-05-05 04:35:36.608       lsvc   main  60831 5446683    9           anynet.relay_connector - Skipping connect method connect_proxy_443 (1/6) (no proxy found)
   info 2023-05-05 04:35:36.608       lsvc   main  60831 5446683    9           anynet.relay_connector - Skipping connect method connect_proxy_80 (2/6) (no proxy found)
   info 2023-05-05 04:35:36.608       lsvc   main  60831 5446683    9           anynet.relay_connector - Skipping connect method socks_proxy_443 (3/6) (no proxy found)
   info 2023-05-05 04:35:36.620       lsvc   main  60831 5446683    9           anynet.relay_connector - Using IPv4: 203.27.106.11
   info 2023-05-05 04:35:36.655       lsvc   main  60831 5446683    9                  fiber.scheduler - Spawning root fiber 14.
   info 2023-05-05 04:35:36.735       lsvc   main  60831 5446683    9           anynet.relay_connector - Cipher: ECDHE-ECDSA-AES256-GCM-SHA384 TLSv1.2 Kx=ECDH Au=ECDSA Enc=AESGCM(256) Mac=AEAD
   info 2023-05-05 04:35:36.735       lsvc   main  60831 5446683    9                  fiber.scheduler - Spawning root fiber 15.
   info 2023-05-05 04:35:36.736       lsvc   main  60831 5446683    9                        handshake - Using protocol version 3.
   info 2023-05-05 04:35:37.054       lsvc   main  60831 5446683    9           anynet.relay_connector - Connection established.
   info 2023-05-05 04:35:37.054       lsvc   main  60831 5446683    9           anynet.relay_connector - Relay connector stopped.
   info 2023-05-05 04:35:37.054       lsvc   main  60831 5446683                       fiber.scheduler - Fiber 9 'relay_connector' (parent: 4 'main_relay_conn') terminated.
   info 2023-05-05 04:35:37.057       lsvc   main  60831 5446683    4           anynet.main_relay_conn - Network ID: main
   info 2023-05-05 04:35:37.060       lsvc   main  60831 5446683    4                anynet.relay_conn - External address: 49.228.104.46:62875.
   info 2023-05-05 04:35:37.060       lsvc   main  60831 5446683    4           anynet.main_relay_conn - Reporting system information.
   info 2023-05-05 04:35:37.060       lsvc   main  60831 5446683    4           anynet.main_relay_conn - Main relay ID: 4cd09a66
   info 2023-05-05 04:35:37.155       lsvc   main  60831 5446683    4           anynet.main_relay_conn - Detected 2 new networks.
  error 2023-05-05 04:35:37.156       lsvc   main  60831 5446683    2          license_service_adapter - Unhandled message. (license_msg_t)
  error 2023-05-05 04:35:37.156       lsvc   main  60831 5446683    2          license_service_adapter - Unhandled message. (connect_msg_t)
  error 2023-05-05 04:35:37.156       lsvc   main  60831 5446683    2          license_service_adapter - Unhandled message. (user_data_msg_t)
   info 2023-05-05 04:35:37.156       lsvc   main  60831 5446683    3            anynet.connection_mgr - Main relay connection established.
   info 2023-05-05 04:35:37.156       lsvc   main  60831 5446683    3            anynet.connection_mgr - New user data. Client-ID: 762494695.
warning 2023-05-05 04:35:37.156       lsvc   main  60831 5446683    4                      anynet.conn - Could not send login token. unavailable (66).
warning 2023-05-05 04:35:37.156       lsvc   main  60831 5446683    4                      anynet.conn - Could not send login token. unavailable (47).
   info 2023-05-05 04:35:37.166      front   wrk1  60830 5446694                   anymessage.provider - CID changed. Requesting messages update.
   info 2023-05-05 04:35:37.400      front   wrk2  60830 5446695                      mac_app.frontend - Received new license info
  error 2023-05-05 04:35:37.414      front   wrk2  60830 5446695         mac_app.helper_tool_interface - Global files not found.
   info 2023-05-05 04:35:37.446       lsvc   main  60831 5446683    1                    app.discovery - Starting.
   info 2023-05-05 04:35:37.446       lsvc   main  60831 5446683    1                  fiber.scheduler - Spawning root fiber 16 'discovery'.
   info 2023-05-05 04:35:37.446       lsvc   main  60831 5446683    1                      app.service - License backend service status changed (0->1)
   info 2023-05-05 04:35:37.446       lsvc   main  60831 5446683   16                    app.discovery - Current Discovery revision: 0
   info 2023-05-05 04:35:37.447       lsvc   main  60831 5446683   16                    app.discovery - Joined multicast group 239.255.102.18:50001.
   info 2023-05-05 04:35:37.447       lsvc   main  60831 5446683   16                    app.discovery - Bound to port: 50001
   info 2023-05-05 04:35:37.447       lsvc   main  60831 5446683   16                anynet.udp_socket - Multicast loop option set to 0
   info 2023-05-05 04:35:37.451       lsvc   main  60831 5446683   16                    app.discovery - Discovery fiber started.
  error 2023-05-05 04:35:37.458      front   wrk1  60830 5446694         mac_app.helper_tool_interface - Global files not found.
   info 2023-05-05 04:35:52.238      front   main  60830 5446609                           AppDelegate - Logout detected.
warning 2023-05-05 04:35:53.951       lsvc   main  60831 5446683                   fiber.ipc_namespace - Zombie process detected (60830). Fixing the state.
   info 2023-05-05 04:35:53.953       lsvc   main  60831 5446683    1                      app.service - Process stop: 60830.
   info 2023-05-05 04:35:53.953       lsvc   main  60831 5446683    1           anynet.relay_connector - Short timeouts disabled.
 * * * * * * * * * * * * * * * * * *
   info 2023-05-05 04:35:55.500      front   main  60891 5447743                                  main - * AnyDesk MAC Startup *
   info 2023-05-05 04:35:55.500      front   main  60891 5447743                                  main - * Version 7.0.1 (mac_release_7.0.1 7920a93bbfda05e2897f5a97c7a8ce848c49d4f3)
   info 2023-05-05 04:35:55.500      front   main  60891 5447743                                  main - * Build 20230123180253
   info 2023-05-05 04:35:55.500      front   main  60891 5447743                                  main - * Prefix ad
   info 2023-05-05 04:35:55.502      front   main  60891 5447743                                  main - * OS Version 13.2.1 (Build 22D68)
   info 2023-05-05 04:35:55.502      front   main  60891 5447743                                  main - * Launch path /Applications/AnyDesk.app
   info 2023-05-05 04:35:55.502      front   main  60891 5447743                                  main - * Copyright (C) AnyDesk Software GmbH *
   info 2023-05-05 04:35:55.502      front   main  60891 5447743                                  main - 
   info 2023-05-05 04:35:55.502      front   main  60891 5447743                                  main - ppid: 1 uid: 501
   info 2023-05-05 04:35:55.502      front   main  60891 5447743                                  main - process maxfiles 256 : -1
   info 2023-05-05 04:35:55.502      front   main  60891 5447743                                  main - raising RLIMIT_NOFILE to 10240
   info 2023-05-05 04:35:55.502      front   main  60891 5447743                         impl_selector - using neon
   info 2023-05-05 04:35:55.582      front   main  60891 5447743                           AppDelegate - Connected to already running gsvc:60831
  error 2023-05-05 04:35:55.592      front   main  60891 5447743         mac_app.helper_tool_interface - Global files not found.
   info 2023-05-05 04:35:55.592      front   main  60891 5447743                       app.common_path - initialized user = /Users/patcharapongpuinongpoo/.anydesk, system = /Users/patcharapongpuinongpoo/.anydesk
   info 2023-05-05 04:35:55.593      front   main  60891 5447743                           AppDelegate - Starting frontend (6).
   info 2023-05-05 04:35:55.593      front   main  60891 5447743          base.data.config_application - Adding GPO defaults layer.
   info 2023-05-05 04:35:55.593      front   main  60891 5447743          base.data.config_application - Adding GPO overrides layer.
   info 2023-05-05 04:35:55.593      front   main  60891 5447743                               app.mdm - Loaded 0/102 MDM overrides
   info 2023-05-05 04:35:55.593      front   main  60891 5447743                               app.mdm - Loaded 0/102 MDM overrides
   info 2023-05-05 04:35:55.594      front   main  60891 5447743                           gui.gui_app - DPI scaling: 2.00 / 2.00
   info 2023-05-05 04:35:55.594      front   main  60891 5447743                           gui.gui_app - Using high-resolution bitmaps.
warning 2023-05-05 04:35:55.595      front   main  60891 5447743                          account_info - Could not read account info from config.
warning 2023-05-05 04:35:55.595      front   main  60891 5447743                          account_info - Could not read account info from config.
   info 2023-05-05 04:35:55.595      front   main  60891 5447743                       base.signal.hub - 4 threads.
   info 2023-05-05 04:35:55.626      front   timr  60891 5447756          base.signal.local.timer_impl - Initialized master timer.
   info 2023-05-05 04:35:55.626      front   ctrl  60891 5447757                      mac_app.frontend - Frontend startup.
   info 2023-05-05 04:35:55.626      front   ctrl  60891 5447757                      mac_app.frontend - Logging the frontend in.
   info 2023-05-05 04:35:55.644      front   ctrl  60891 5447757                     base.monitor_info - 1 active monitor(s) found.
   info 2023-05-05 04:35:55.745      front   main  60891 5447743                             url_query - append
   info 2023-05-05 04:35:55.745      front   main  60891 5447743                             url_query - append
   info 2023-05-05 04:35:55.745      front   main  60891 5447743                             url_query - append
  error 2023-05-05 04:35:55.806      front   main  60891 5447743         mac_app.helper_tool_interface - Global files not found.
   info 2023-05-05 04:35:55.954       lsvc   main  60831 5446683   10                      app.service - IPC socket closed.
   info 2023-05-05 04:35:55.955       lsvc   main  60831 5446683                       fiber.scheduler - Fiber 10 'ipc_connection' (parent: 1) requested quit of fiber 11 'account_adapter' (parent: 10 'ipc_connection').
   info 2023-05-05 04:35:55.956       lsvc   main  60831 5446683   11                      fiber.fiber - Received quit.
   info 2023-05-05 04:35:55.956       lsvc   main  60831 5446683                       fiber.scheduler - Fiber 11 'account_adapter' (parent: 10 'ipc_connection') terminated.
   info 2023-05-05 04:35:55.957       lsvc   main  60831 5446683   10                      app.service - Fiber exit (ipc).
   info 2023-05-05 04:35:55.957       lsvc   main  60831 5446683                       fiber.scheduler - Fiber 10 'ipc_connection' (parent: 1) terminated.
   info 2023-05-05 04:35:55.957       lsvc   main  60831 5446683    1                      app.service - Process start: 60891 (frontend).
   info 2023-05-05 04:35:55.957       lsvc   main  60831 5446683    1           anynet.relay_connector - Short timeouts enabled.
   info 2023-05-05 04:35:55.957       lsvc   main  60831 5446683    1                      app.service - New IPC connection.
   info 2023-05-05 04:35:55.957       lsvc   main  60831 5446683    1                  fiber.scheduler - Spawning child fiber 17 'ipc_connection' (parent: 1).
   info 2023-05-05 04:35:55.957       lsvc   main  60831 5446683   17                      app.service - Creating an IPC accept socket.
   info 2023-05-05 04:35:55.959       lsvc   main  60831 5446683   17                      app.service - Connected to 60891 (frontend).
   info 2023-05-05 04:35:55.959       lsvc   main  60831 5446683   17                      app.service - Process login detected.
   info 2023-05-05 04:35:55.959      front   wrk1  60891 5447759                      mac_app.frontend - Received new license info
   info 2023-05-05 04:35:55.959       lsvc   main  60831 5446683   17                  fiber.scheduler - Spawning child fiber 18 'account_adapter' (parent: 17 'ipc_connection').
   info 2023-05-05 04:35:55.960       lsvc   main  60831 5446683   17                      app.service - 5 Unexpected: packet_msg_t.
   info 2023-05-05 04:35:55.960      front   wrk2  60891 5447760                               app.mdm - Loaded 0/102 MDM overrides
  error 2023-05-05 04:35:55.966      front   wrk2  60891 5447760         mac_app.helper_tool_interface - Global files not found.
  error 2023-05-05 04:35:55.972      front   wrk1  60891 5447759         mac_app.helper_tool_interface - Global files not found.
  error 2023-05-05 04:35:55.977      front   wrk1  60891 5447759         mac_app.helper_tool_interface - Global files not found.
   info 2023-05-05 04:36:07.346      front   main  60891 5447743                      mac_app.frontend - Sending a connection request for address 822247570.
   info 2023-05-05 04:36:07.347      front   timr  60891 5447935          base.signal.local.timer_impl - Initialized master timer.
   info 2023-05-05 04:36:07.347      front   timr  60891 5447934          base.signal.local.timer_impl - Initialized master timer.
   info 2023-05-05 04:36:07.350       lsvc   main  60831 5446683    1                      app.service - New IPC connection.
   info 2023-05-05 04:36:07.351       lsvc   main  60831 5446683    1                  fiber.scheduler - Spawning child fiber 19 'ipc_connection' (parent: 1).
   info 2023-05-05 04:36:07.351       lsvc   main  60831 5446683   19                      app.service - Creating an IPC accept socket.
   info 2023-05-05 04:36:07.353       lsvc   main  60831 5446683   19                      app.service - Connected to 60891 (frontend).
   info 2023-05-05 04:36:07.389      front   main  60891 5447743                      mac_app.frontend - preventing sleep for frontend user
   info 2023-05-05 04:36:07.717      front   main  60891 5447743                      mac_app.frontend - Session count: 1
   info 2023-05-05 04:36:07.717      front   ctrl  60891 5447757                  app.frontend_session - Requesting session.
   info 2023-05-05 04:36:07.718       lsvc   main  60831 5446683   19                      app.service - Received outgoing connection request for address 822247570 (direct).
   info 2023-05-05 04:36:07.721       lsvc   main  60831 5446683   19                      app.session - Session features: deskrt, clipboard, chat, audio, input, tcp_tunnel.
   info 2023-05-05 04:36:07.721       lsvc   main  60831 5446683   19                      app.service - Creating remote control session.
   info 2023-05-05 04:36:07.723       lsvc   main  60831 5446683   19         anynet.client_packetizer - Adjusted send buffer: 8192
   info 2023-05-05 04:36:07.723       lsvc   main  60831 5446683   19                anynet.any_socket - Keepalive is disabled
   info 2023-05-05 04:36:07.723       lsvc   main  60831 5446683   19                      app.session - 1: Connecting to "822247570"
   info 2023-05-05 04:36:07.724       lsvc   main  60831 5446683   19                  fiber.scheduler - Spawning root fiber 20.
   info 2023-05-05 04:36:07.724       lsvc   main  60831 5446683   20                anynet.any_socket - Connect fiber spawned.
   info 2023-05-05 04:36:07.724       lsvc   main  60831 5446683   20                anynet.any_socket - Connecting to 822247570.
   info 2023-05-05 04:36:07.724       lsvc   main  60831 5446683   20                anynet.any_socket - Retrieving client information.
warning 2023-05-05 04:36:07.725       lsvc   main  60831 5446683    4                      anynet.conn - Could not send login token. unavailable (6).
   info 2023-05-05 04:36:07.976       lsvc   main  60831 5446683   20                anynet.any_socket - Client-ID: 822247570 (FPR: 0861f549e64b).
   info 2023-05-05 04:36:07.976       lsvc   main  60831 5446683   20                anynet.any_socket - Logged in from 49.49.219.64:50276 on relay 6fb0133b.
   info 2023-05-05 04:36:07.976       lsvc   main  60831 5446683   20            anynet.connection_mgr - Making a new connection to client 0861f549e64bbd2584a4d1592cf2862cc852c38b.
   info 2023-05-05 04:36:07.976       lsvc   main  60831 5446683   20                  fiber.scheduler - Spawning root fiber 21.
   info 2023-05-05 04:36:07.977       lsvc   main  60831 5446683   20                anynet.any_socket - Sending a connect request (on the clients relay).
   info 2023-05-05 04:36:07.977       lsvc   main  60831 5446683   20            anynet.connection_mgr - Making a new connection to relay 6fb0133b.
   info 2023-05-05 04:36:07.977       lsvc   main  60831 5446683   20                  fiber.scheduler - Spawning root fiber 22.
   info 2023-05-05 04:36:07.977       lsvc   main  60831 5446683   20                      anynet.conn - Request before connect. Queueing.
   info 2023-05-05 04:36:07.977       lsvc   main  60831 5446683   21                  fiber.scheduler - Spawning child fiber 23 (parent: 21).
   info 2023-05-05 04:36:07.978       lsvc   main  60831 5446683   22                  fiber.scheduler - Spawning child fiber 24 'relay_connector' (parent: 22).
   info 2023-05-05 04:36:07.978       lsvc   main  60831 5446683   24           anynet.relay_connector - Relay connector started.
   info 2023-05-05 04:36:07.978       lsvc   main  60831 5446683   24           anynet.relay_connector - Start proxy search.
   info 2023-05-05 04:36:07.980       lsvc   main  60831 5446683   24           anynet.relay_connector - Connecting to relay relay-6fb0133b.net.anydesk.com (1/1)
   info 2023-05-05 04:36:07.999       lsvc   main  60831 5446683   24           anynet.relay_connector - Using IPv4: 92.223.85.164
   info 2023-05-05 04:36:08.038       lsvc   main  60831 5446683   24                  fiber.scheduler - Spawning root fiber 25.
   info 2023-05-05 04:36:08.130       lsvc   main  60831 5446683   24           anynet.relay_connector - Cipher: ECDHE-ECDSA-AES256-GCM-SHA384 TLSv1.2 Kx=ECDH Au=ECDSA Enc=AESGCM(256) Mac=AEAD
   info 2023-05-05 04:36:08.130       lsvc   main  60831 5446683   24                  fiber.scheduler - Spawning root fiber 26.
   info 2023-05-05 04:36:08.131       lsvc   main  60831 5446683   24                        handshake - Using protocol version 3.
   info 2023-05-05 04:36:08.401       lsvc   main  60831 5446683   24           anynet.relay_connector - Connection established.
   info 2023-05-05 04:36:08.401       lsvc   main  60831 5446683   24           anynet.relay_connector - Relay connector stopped.
   info 2023-05-05 04:36:08.401       lsvc   main  60831 5446683                       fiber.scheduler - Fiber 24 'relay_connector' (parent: 22) terminated.
   info 2023-05-05 04:36:08.401       lsvc   main  60831 5446683   22                anynet.relay_conn - External address: 49.228.104.46:62906.
   info 2023-05-05 04:36:08.401       lsvc   main  60831 5446683   22           anynet.supp_relay_conn - Relay ID: 6fb0133b
warning 2023-05-05 04:36:08.402       lsvc   main  60831 5446683   22                      anynet.conn - Could not send login token. unavailable (8).
   info 2023-05-05 04:36:08.402       lsvc   main  60831 5446683   22                anynet.relay_conn - Punch socket set up on port 62906.
   info 2023-05-05 04:36:08.402       lsvc   main  60831 5446683    3            anynet.connection_mgr - Supplementary relay connection to 6fb0133b established.
   info 2023-05-05 04:36:08.902       lsvc   main  60831 5446683   20                anynet.any_socket - Connect request accepted, tunnel route created.
   info 2023-05-05 04:36:08.903       lsvc   main  60831 5446683   20                anynet.any_socket - Local vport: 10, Remote vport: 10, SID: 1676827158206255
   info 2023-05-05 04:36:08.903       lsvc   main  60831 5446683   20                anynet.any_socket - Sending 0 queued blobs.
   info 2023-05-05 04:36:08.903       lsvc   main  60831 5446683   20                anynet.any_socket - Initiating the managed connection.
warning 2023-05-05 04:36:08.903       lsvc   main  60831 5446683   20                anynet.any_socket - Unexpected: connect_msg_t.
   info 2023-05-05 04:36:08.903       lsvc   main  60831 5446683   23           anynet.punch_connector - Spawning fibers for 3 potential connect addresses.
   info 2023-05-05 04:36:08.903       lsvc   main  60831 5446683   23           anynet.punch_connector - -> Spawning: 128.0.14.124:7070 (0).
   info 2023-05-05 04:36:08.903       lsvc   main  60831 5446683   23                  fiber.scheduler - Spawning child fiber 27 (parent: 23).
   info 2023-05-05 04:36:08.903       lsvc   main  60831 5446683   23           anynet.punch_connector - -> Spawning: 49.49.219.64:50276 (1).
   info 2023-05-05 04:36:08.903       lsvc   main  60831 5446683   23                  fiber.scheduler - Spawning child fiber 28 (parent: 23).
   info 2023-05-05 04:36:08.903       lsvc   main  60831 5446683   23           anynet.punch_connector - -> Spawning: 49.49.219.64:7070 (2).
   info 2023-05-05 04:36:08.903       lsvc   main  60831 5446683   23                  fiber.scheduler - Spawning child fiber 29 (parent: 23).
   info 2023-05-05 04:36:08.903       lsvc   main  60831 5446683   19                      app.session - 1: Net connection established.
   info 2023-05-05 04:36:08.903       lsvc   main  60831 5446683   19                      app.session - 2: Requesting a session.
   info 2023-05-05 04:36:08.905       lsvc   main  60831 5446683   27           anynet.punch_connector - [128.0.14.124:7070] Connecting
   info 2023-05-05 04:36:08.905       lsvc   main  60831 5446683   28           anynet.punch_connector - [49.49.219.64:50276] Connecting (lport 62906, attempt 0).
   info 2023-05-05 04:36:08.906       lsvc   main  60831 5446683   29           anynet.punch_connector - [49.49.219.64:7070] Connecting
   info 2023-05-05 04:36:09.722       lsvc   main  60831 5446683   19                      app.session - Using protocol version 4.
   info 2023-05-05 04:36:09.722       lsvc   main  60831 5446683   19                      app.session - 2: Session acknowledged.
   info 2023-05-05 04:36:09.723       lsvc   main  60831 5446683   19                      app.session - 3: Authentication.
   info 2023-05-05 04:36:09.723      front   wrk1  60891 5447759                  app.frontend_session - Remote caps: sound_src, sound_sink, keyboard_sink, keyboard2, switch_sides, request_elevation, request_elevation_pw, clip_paste_files, clip_src_files, send_sas, block_input, request_vp_dimensions, keyboard_unicode, sysinfo, remote_restart, volatile_token, keyb_hint_src, filetransfer_server, filetransfer_client, remote_printing, whiteboard, tcp_tunnel, privacy_feature, encoder_reset, two_factor_auth, reverse_remote_printing, force_remote_restart, lossless_codec, report_kbd_focus, reset_vp_resolution, string_input, quality_adaptive, clipboard_split, portable
   info 2023-05-05 04:36:09.723      front   wrk1  60891 5447759                  app.frontend_session - Remote OS: Windows
   info 2023-05-05 04:36:09.723       lsvc   main  60831 5446683   19                      app.session - Forwarding wait for accept challenge (0).
   info 2023-05-05 04:36:09.723      front   wrk1  60891 5447759                  app.frontend_session - Connection flags: direct paid 3 4 
   info 2023-05-05 04:36:09.724      front   wrk1  60891 5447759                  app.frontend_session - Remote version: 7.1.11
   info 2023-05-05 04:36:09.724      front   wrk2  60891 5447760                  app.frontend_session - Received wait for accept request.
warning 2023-05-05 04:36:09.726      front   wrk2  60891 5447760                  app.frontend_session - Remote asked for a volatile token, but we have none.
   info 2023-05-05 04:36:12.404       lsvc   main  60831 5446683   19                      app.session - 3: Session granted.
   info 2023-05-05 04:36:12.404       lsvc   main  60831 5446683   19                      app.session - Login token set. Updating session stats.
warning 2023-05-05 04:36:12.404       lsvc   main  60831 5446683   19                      anynet.conn - Could not send login token. unavailable (15).
   info 2023-05-05 04:36:12.404       lsvc   main  60831 5446683   19                      app.session - 4: Waiting for the frontend to be ready.
   info 2023-05-05 04:36:12.405      front   ctrl  60891 5447757                  app.frontend_session - Starting connect session.
   info 2023-05-05 04:36:12.406      front   ctrl  60891 5447757                          memory_arena - Reserving arena of 256 MB
   info 2023-05-05 04:36:12.406      front   ctrl  60891 5447757                          memory_arena - Reserving arena of 128 MB
   info 2023-05-05 04:36:12.408      front   ctrl  60891 5447757             desk_rt.display_component - Startup.
   info 2023-05-05 04:36:12.409      front   ctrl  60891 5447757                      app.clipbrd_comp - Engaging clipboard.
   info 2023-05-05 04:36:12.409      front   ctrl  60891 5447757                      app.clipbrd_comp - Ready.
   info 2023-05-05 04:36:12.677      front   ctrl  60891 5447757                  app.frontend_session - Enabling screen capturing.
   info 2023-05-05 04:36:12.677      front   ctrl  60891 5447757                  app.frontend_session - Session started.
   info 2023-05-05 04:36:12.677       lsvc   main  60831 5446683   19                      app.session - 4: Frontend ready.
   info 2023-05-05 04:36:12.677       lsvc   main  60831 5446683   19                      app.session - 5: Entering processing loop.
   info 2023-05-05 04:36:12.677       lsvc   main  60831 5446683   19         anynet.client_packetizer - Adjusted send buffer: 8192
   info 2023-05-05 04:36:12.679       lsvc   main  60831 5446683   19         anynet.client_packetizer - Adjusted send buffer: 8192
   info 2023-05-05 04:36:12.679      front   wrk2  60891 5447760                  app.frontend_session - Received new remote caps: sound_src, sound_sink, keyboard_sink, keyboard2, switch_sides, request_elevation, request_elevation_pw, clip_paste_files, clip_src_files, send_sas, block_input, request_vp_dimensions, keyboard_unicode, sysinfo, remote_restart, volatile_token, keyb_hint_src, filetransfer_server, filetransfer_client, remote_printing, whiteboard, tcp_tunnel, privacy_feature, encoder_reset, two_factor_auth, reverse_remote_printing, force_remote_restart, lossless_codec, report_kbd_focus, reset_vp_resolution, string_input, quality_adaptive, clipboard_split, portable
   info 2023-05-05 04:36:12.679      front   wrk2  60891 5447760                  app.frontend_session - Received new remote feature map: 66.
   info 2023-05-05 04:36:15.703      front   wrk1  60891 5447759                  app.frontend_session - Received new remote caps: sound_src, sound_sink, keyboard_sink, keyboard2, switch_sides, clip_paste_files, clip_src_files, send_sas, block_input, request_vp_dimensions, keyboard_unicode, sysinfo, remote_restart, volatile_token, keyb_hint_src, filetransfer_server, filetransfer_client, remote_printing, whiteboard, tcp_tunnel, privacy_feature, encoder_reset, two_factor_auth, reverse_remote_printing, force_remote_restart, lossless_codec, report_kbd_focus, reset_vp_resolution, string_input, quality_adaptive, clipboard_split, portable
   info 2023-05-05 04:36:15.703      front   wrk1  60891 5447759                  app.frontend_session - Received new remote feature map: 66.
   info 2023-05-05 04:36:15.742      front   wrk2  60891 5447760                  app.frontend_session - Received new input permissions: (enabled allowed supported)
   info 2023-05-05 04:36:15.742      front   wrk3  60891 5447761             desk_rt.display_component - Received monitor info. Monitor count: 1.
   info 2023-05-05 04:36:15.742      front   wrk1  60891 5447759                  app.frontend_session - Received new audio permissions: (enabled allowed supported)
   info 2023-05-05 04:36:15.742      front   wrk0  60891 5447758                  app.frontend_session - Updating clipboard permissions: (enabled allowed supported)
   info 2023-05-05 04:36:15.742      front   wrk0  60891 5447758                  app.frontend_session - Received new clipboard permissions: (enabled allowed supported)
   info 2023-05-05 04:36:15.749      front   wrk2  60891 5447760                  app.frontend_session - Received new permissions to block input: (disabled forbidden supported)
   info 2023-05-05 04:36:15.751      front   wrk1  60891 5447759                  app.frontend_session - Received new sas permissions: (disabled forbidden unsupported)
   info 2023-05-05 04:36:15.753      front   wrk0  60891 5447758                  app.frontend_session - Received new file manager permissions: (enabled allowed supported)
   info 2023-05-05 04:36:15.756      front   wrk3  60891 5447761                                glwrap - Initializing OpenGL: 2.1 Metal - 83
   info 2023-05-05 04:36:15.766      front   wrk2  60891 5447760                  app.frontend_session - Received new permissions to lock account: (disabled allowed supported)
   info 2023-05-05 04:36:15.768      front   wrk1  60891 5447759                  app.frontend_session - Received new record session permissions: (disabled allowed supported)
   info 2023-05-05 04:36:15.770      front   wrk0  60891 5447758                  app.frontend_session - Received new whiteboard permissions: (disabled allowed supported)
   info 2023-05-05 04:36:15.770      front   wrk3  60891 5447761                  app.frontend_session - Received new TCP tunneling permissions: (enabled forbidden supported)
   info 2023-05-05 04:36:15.774      front   wrk1  60891 5447759                  app.frontend_session - Received new VPN permissions: (enabled forbidden unsupported)
   info 2023-05-05 04:36:15.775      front   wrk0  60891 5447758                  app.frontend_session - Received new privacy feature permissions: (disabled forbidden supported)
   info 2023-05-05 04:36:15.777      front   wrk3  60891 5447761                  app.frontend_session - Updating clipboard_files permissions: (enabled allowed supported)
   info 2023-05-05 04:36:15.777      front   wrk3  60891 5447761                  app.frontend_session - Received new clipboard_files permissions: (enabled allowed supported)
   info 2023-05-05 04:36:15.779      front   wrk1  60891 5447759                  app.frontend_session - Received new permission to restart: (disabled allowed supported)
   info 2023-05-05 04:36:15.781      front   wrk0  60891 5447758                  app.frontend_session - Received new permission to sysinfo: (enabled allowed supported)
   info 2023-05-05 04:36:15.785      front   wrk1  60891 5447759                  app.frontend_session - Received new permission to mouse_pointer: (disabled allowed supported)
   info 2023-05-05 04:36:15.785      front   wrk3  60891 5447761                  app.frontend_session - Received new permission to modify_forbidden_windows: (disabled forbidden supported)
   info 2023-05-05 04:36:15.786      front   wrk2  60891 5447760                  app.frontend_session - Keyboard layouts differ (l:en_us != r:unknown). Auto-mode is Translate, user-mode is 0.
   info 2023-05-05 04:36:15.819      front   wrk1  60891 5447759             desk_rt.display_component - Remote resolution changed: Monitor 0 (1920x1080)
   info 2023-05-05 04:36:15.820      front   wrk1  60891 5447759                  desk_rt.gl_view.port - Created back texture 1920x1080
   info 2023-05-05 04:36:15.820      front   wrk1  60891 5447759                  desk_rt.gl_view.port - Initialized (1920x1080, X8R8G8B8).
   info 2023-05-05 04:36:16.222      front   wrk0  60891 5447758                  app.frontend_session - Requesting a new thumbnail.
   info 2023-05-05 04:36:16.222      front   wrk0  60891 5447758             app.tcp_tunnel.raw_config - Loading config from ad.session.tcp_tunneling.fwd.local.822247570.
   info 2023-05-05 04:36:16.222      front   wrk0  60891 5447758             app.tcp_tunnel.raw_config - Loading config from ad.session.tcp_tunneling.bwd.local.822247570.
   info 2023-05-05 04:36:16.223       lsvc   main  60831 5446683   19            app.tcp_tunnel.config - deserialized rules 2
   info 2023-05-05 04:36:16.223       lsvc   main  60831 5446683   19            app.tcp_tunnel.config - Forward rules:
   info 2023-05-05 04:36:16.330      front   wrk3  60891 5447761                  app.frontend_session - Identical keyboard layout (en_us). Auto-mode is 1:1, user-mode is 0.
   info 2023-05-05 04:36:16.463      front   wrk0  60891 5447758                   audio.device_render - Starting render, queue full.
   info 2023-05-05 04:36:19.327      front   wrk1  60891 5447759                  app.frontend_session - Updated the thumbnail.
   info 2023-05-05 04:36:23.905       lsvc   main  60831 5446683   27           anynet.punch_connector - [128.0.14.124:7070] Connection failed (result_timeout)).
   info 2023-05-05 04:36:23.906       lsvc   main  60831 5446683                       fiber.scheduler - Fiber 27 (parent: 23) terminated.
   info 2023-05-05 04:36:23.908       lsvc   main  60831 5446683   28           anynet.punch_connector - [49.49.219.64:50276] Connect failed (result_timeout)).
   info 2023-05-05 04:36:23.909       lsvc   main  60831 5446683   29           anynet.punch_connector - [49.49.219.64:7070] Connection failed (result_timeout)).
   info 2023-05-05 04:36:23.909       lsvc   main  60831 5446683                       fiber.scheduler - Fiber 29 (parent: 23) terminated.
   info 2023-05-05 04:36:24.160       lsvc   main  60831 5446683   28           anynet.punch_connector - [49.49.219.64:50276] Connecting (lport 62906, attempt 1).
   info 2023-05-05 04:36:39.160       lsvc   main  60831 5446683   28           anynet.punch_connector - [49.49.219.64:50276] Connect failed (result_timeout)).
   info 2023-05-05 04:36:39.411       lsvc   main  60831 5446683   28           anynet.punch_connector - [49.49.219.64:50276] Connecting (lport 62906, attempt 2).
   info 2023-05-05 04:36:41.105      front   main  60891 5447743                  app.frontend_session - Keyboard layouts differ (l:unknown != r:en_us). Auto-mode is Translate, user-mode is 0.
   info 2023-05-05 04:36:43.691      front   main  60891 5447743                  app.frontend_session - Identical keyboard layout (en_us). Auto-mode is 1:1, user-mode is 0.
   info 2023-05-05 04:36:54.411       lsvc   main  60831 5446683   28           anynet.punch_connector - [49.49.219.64:50276] Connect failed (result_timeout)).
   info 2023-05-05 04:36:54.665       lsvc   main  60831 5446683   28           anynet.punch_connector - [49.49.219.64:50276] Connecting (lport 62906, attempt 3).
   info 2023-05-05 04:36:54.988      front   wrk1  60891 5447759                  app.frontend_session - Keyboard layouts differ (l:en_us != r:unknown). Auto-mode is Translate, user-mode is 0.
   info 2023-05-05 04:37:08.249      front   main  60891 5447743                  app.frontend_session - Keyboard layouts differ (l:unknown != r:unknown). Auto-mode is Translate, user-mode is 0.
   info 2023-05-05 04:37:09.668       lsvc   main  60831 5446683   28           anynet.punch_connector - [49.49.219.64:50276] Connect failed (result_timeout)).
  error 2023-05-05 04:37:09.668       lsvc   main  60831 5446683   28           anynet.punch_connector - [49.49.219.64:50276] Too many retries.
   info 2023-05-05 04:37:09.668       lsvc   main  60831 5446683                       fiber.scheduler - Fiber 28 (parent: 23) terminated.
   info 2023-05-05 04:37:09.668       lsvc   main  60831 5446683   23           anynet.punch_connector - All connect fibers have failed.
   info 2023-05-05 04:37:12.374      front   wrk1  60891 5447759                  app.frontend_session - Keyboard layouts differ (l:unknown != r:en_us). Auto-mode is Translate, user-mode is 0.
   info 2023-05-05 04:37:14.669       lsvc   main  60831 5446683   23           anynet.punch_connector - Quit timeout has expired. Connect failed.
   info 2023-05-05 04:37:14.670       lsvc   main  60831 5446683                       fiber.scheduler - Fiber 23 (parent: 21) terminated.
  error 2023-05-05 04:37:14.670       lsvc   main  60831 5446683   21       anynet.managed_client_conn - Connect error (result_unknown).
   info 2023-05-05 04:37:14.671       lsvc   main  60831 5446683   21            anynet.connection_mgr - Forcing cleanup.
   info 2023-05-05 04:37:14.671       lsvc   main  60831 5446683   21       anynet.managed_client_conn - Managed client connection failed.
   info 2023-05-05 04:37:14.671       lsvc   main  60831 5446683                       fiber.scheduler - Fiber 21 terminated.
   info 2023-05-05 04:37:14.671       lsvc   main  60831 5446683    3            anynet.connection_mgr - Managed client connection with 0861f549e64bbd2584a4d1592cf2862cc852c38b failed (result_unknown).
   info 2023-05-05 04:37:14.671       lsvc   main  60831 5446683    3            anynet.connection_mgr - Cleaned up 1/1 managed client connections.
   info 2023-05-05 04:37:14.671       lsvc   main  60831 5446683    3            anynet.connection_mgr - Cleaned up 0/1 supplemental relay connections.
   info 2023-05-05 04:37:14.671       lsvc   main  60831 5446683   20                anynet.any_socket - Direct connection closed (result_unknown).
   info 2023-05-05 04:37:17.423      front   main  60891 5447743                  app.frontend_session - Identical keyboard layout (en_us). Auto-mode is 1:1, user-mode is 0.
warning 2023-05-05 04:39:31.936      front   main  60891 5447743                         input_handler - Can't map flag state 0
   info 2023-05-05 04:39:31.937      front   main  60891 5447743                  app.frontend_session - Keyboard layouts differ (l:unknown != r:en_us). Auto-mode is Translate, user-mode is 0.
   info 2023-05-05 04:42:00.989      front   main  60891 5447743                  app.frontend_session - Identical keyboard layout (en_us). Auto-mode is 1:1, user-mode is 0.
warning 2023-05-05 04:43:38.729      front   main  60891 5447743                         input_handler - Can't map flag state 0
   info 2023-05-05 04:44:16.382      front   wrk1  60891 5447759                      app.clipbrd_comp - Got a text offer (52 b).
   info 2023-05-05 04:44:16.585      front   wrk1  60891 5447759                      app.clipbrd_comp - Got a text offer (52 b).
   info 2023-05-05 04:44:16.760      front   wrk1  60891 5447759                      app.clipbrd_comp - Got a text offer (52 b).
   info 2023-05-05 04:46:39.570      front   wrk1  60891 5447759                      app.clipbrd_comp - Got a text offer (44 b).
   info 2023-05-05 04:46:49.260      front   wrk1  60891 5447759                      app.clipbrd_comp - Got a text offer (470 b).
   info 2023-05-05 04:49:19.037      front   main  60891 5447743                  app.frontend_session - Keyboard layouts differ (l:unknown != r:en_us). Auto-mode is Translate, user-mode is 0.
   info 2023-05-05 04:49:21.658      front   main  60891 5447743                  app.frontend_session - Identical keyboard layout (en_us). Auto-mode is 1:1, user-mode is 0.
   info 2023-05-05 04:52:39.471      front   wrk0  60891 5447758                      app.clipbrd_comp - Got a text offer (66 b).
   info 2023-05-05 04:52:39.952      front   wrk0  60891 5447758                      app.clipbrd_comp - Got a text offer (66 b).
   info 2023-05-05 04:53:39.990      front   main  60891 5447743                  app.frontend_session - Keyboard layouts differ (l:unknown != r:en_us). Auto-mode is Translate, user-mode is 0.
   info 2023-05-05 04:58:31.687      front   main  60891 5447743                  app.frontend_session - Identical keyboard layout (en_us). Auto-mode is 1:1, user-mode is 0.
   info 2023-05-05 04:58:36.370      front   wrk1  60891 5447759                      app.clipbrd_comp - Got a text offer (54 b).
   info 2023-05-05 04:59:02.499      front   main  60891 5447743                  app.frontend_session - Keyboard layouts differ (l:unknown != r:en_us). Auto-mode is Translate, user-mode is 0.
   info 2023-05-05 04:59:04.676      front   main  60891 5447743                  app.frontend_session - Identical keyboard layout (en_us). Auto-mode is 1:1, user-mode is 0.
warning 2023-05-05 04:59:19.082      front   main  60891 5447743                         input_handler - Can't map flag state 0
   info 2023-05-05 04:59:19.083      front   main  60891 5447743                  app.frontend_session - Keyboard layouts differ (l:unknown != r:en_us). Auto-mode is Translate, user-mode is 0.
   info 2023-05-05 04:59:38.902      front   wrk1  60891 5447759                      app.clipbrd_comp - Got a text offer (42 b).
   info 2023-05-05 05:00:46.176      front   main  60891 5447743                  app.frontend_session - Identical keyboard layout (en_us). Auto-mode is 1:1, user-mode is 0.
   info 2023-05-05 05:02:01.284      front   wrk1  60891 5447759                      app.clipbrd_comp - Got a text offer (40 b).
   info 2023-05-05 05:02:01.484      front   wrk1  60891 5447759                      app.clipbrd_comp - Got a text offer (40 b).
   info 2023-05-05 05:02:01.643      front   wrk1  60891 5447759                      app.clipbrd_comp - Got a text offer (40 b).
   info 2023-05-05 05:02:01.846      front   wrk1  60891 5447759                      app.clipbrd_comp - Got a text offer (40 b).
   info 2023-05-05 05:02:02.052      front   wrk1  60891 5447759                      app.clipbrd_comp - Got a text offer (40 b).
   info 2023-05-05 05:02:02.242      front   wrk1  60891 5447759                      app.clipbrd_comp - Got a text offer (40 b).
   info 2023-05-05 05:10:03.703      front   wrk1  60891 5447759                      app.clipbrd_comp - Got a text offer (66 b).
   info 2023-05-05 05:10:03.841      front   wrk1  60891 5447759                      app.clipbrd_comp - Got a text offer (66 b).
   info 2023-05-05 05:13:25.279      front   wrk1  60891 5447759                      app.clipbrd_comp - Got a text offer (18 b).
   info 2023-05-05 05:24:41.748      front   wrk1  60891 5447759                  app.frontend_session - Keyboard layouts differ (l:en_us != r:unknown). Auto-mode is Translate, user-mode is 0.
   info 2023-05-05 05:24:50.283      front   wrk1  60891 5447759                  app.frontend_session - Identical keyboard layout (en_us). Auto-mode is 1:1, user-mode is 0.
   info 2023-05-05 05:25:46.871      front   main  60891 5447743                  app.frontend_session - Keyboard layouts differ (l:unknown != r:en_us). Auto-mode is Translate, user-mode is 0.
   info 2023-05-05 05:25:50.898      front   main  60891 5447743                  app.frontend_session - Identical keyboard layout (en_us). Auto-mode is 1:1, user-mode is 0.
   info 2023-05-05 05:26:15.228      front   main  60891 5447743                  app.frontend_session - Keyboard layouts differ (l:unknown != r:en_us). Auto-mode is Translate, user-mode is 0.
   info 2023-05-05 05:26:16.403      front   main  60891 5447743                  app.frontend_session - Identical keyboard layout (en_us). Auto-mode is 1:1, user-mode is 0.
   info 2023-05-05 05:26:17.884      front   main  60891 5447743                  app.frontend_session - Keyboard layouts differ (l:unknown != r:en_us). Auto-mode is Translate, user-mode is 0.
   info 2023-05-05 05:26:19.721      front   main  60891 5447743                  app.frontend_session - Identical keyboard layout (en_us). Auto-mode is 1:1, user-mode is 0.
   info 2023-05-05 05:26:23.377      front   main  60891 5447743                  app.frontend_session - Keyboard layouts differ (l:unknown != r:en_us). Auto-mode is Translate, user-mode is 0.
   info 2023-05-05 05:31:21.380      front   main  60891 5447743                  app.frontend_session - Identical keyboard layout (en_us). Auto-mode is 1:1, user-mode is 0.
   info 2023-05-05 05:34:51.356      front   wrk1  60891 5447759                      app.clipbrd_comp - Got a text offer (30 b).
   info 2023-05-05 05:34:51.520      front   wrk1  60891 5447759                      app.clipbrd_comp - Got a text offer (30 b).
   info 2023-05-05 05:34:51.690      front   wrk1  60891 5447759                      app.clipbrd_comp - Got a text offer (30 b).
   info 2023-05-05 05:35:58.248      front   main  60891 5447743                  app.frontend_session - Keyboard layouts differ (l:unknown != r:en_us). Auto-mode is Translate, user-mode is 0.
   info 2023-05-05 05:35:58.721      front   wrk1  60891 5447759                      app.clipbrd_comp - Got a text offer (44 b).
   info 2023-05-05 05:35:58.762      front   wrk1  60891 5447759                      app.clipbrd_comp - Got a text offer (44 b).
   info 2023-05-05 05:36:13.567      front   ctrl  60891 5447757                  app.frontend_session - Stopping session.
   info 2023-05-05 05:36:13.632      front   ctrl  60891 5447757             desk_rt.display_component - Stopping objects.
  error 2023-05-05 05:36:13.638      front   wrk2  60891 5447760              base.prot.packet_factory - Invalid packet received (type=11, 190 bytes).
  error 2023-05-05 05:36:13.638      front   wrk3  60891 5447761              base.prot.packet_factory - Invalid packet received (type=11, 307 bytes).
  error 2023-05-05 05:36:13.638      front   wrk2  60891 5447760              base.prot.packet_factory - Invalid packet received (type=11, 694 bytes).
  error 2023-05-05 05:36:13.638      front   wrk3  60891 5447761              base.prot.packet_factory - Invalid packet received (type=11, 783 bytes).
  error 2023-05-05 05:36:13.673      front   wrk1  60891 5447759              base.prot.packet_factory - Invalid packet received (type=12, 18 bytes).
  error 2023-05-05 05:36:13.673      front   wrk3  60891 5447761              base.prot.packet_factory - Invalid packet received (type=11, 86 bytes).
  error 2023-05-05 05:36:13.673      front   wrk1  60891 5447759              base.prot.packet_factory - Invalid packet received (type=11, 77 bytes).
  error 2023-05-05 05:36:13.673      front   wrk3  60891 5447761              base.prot.packet_factory - Invalid packet received (type=11, 86 bytes).
  error 2023-05-05 05:36:13.673      front   wrk2  60891 5447760              base.prot.packet_factory - Invalid packet received (type=11, 82 bytes).
   info 2023-05-05 05:36:13.713      front   ctrl  60891 5447757                      app.clipbrd_comp - Closing clipboard.
   info 2023-05-05 05:36:13.713      front   ctrl  60891 5447757                      app.clipbrd_comp - Clipboard closed.
   info 2023-05-05 05:36:13.713      front   ctrl  60891 5447757                  app.frontend_session - Session stopped.
   info 2023-05-05 05:36:13.714       lsvc   main  60831 5446683   19                      app.session - IPC socket closed normally.
   info 2023-05-05 05:36:13.715       lsvc   main  60831 5446683   19                      app.session - 5: Processing done.
   info 2023-05-05 05:36:13.716       lsvc   main  60831 5446683                       fiber.scheduler - Fiber 19 'ipc_connection' (parent: 1) requested quit of fiber 20.
   info 2023-05-05 05:36:13.716       lsvc   main  60831 5446683   20                anynet.any_socket - Received quit.
   info 2023-05-05 05:36:13.717       lsvc   main  60831 5446683   20                anynet.any_socket - Connect fiber stopped.
   info 2023-05-05 05:36:13.717       lsvc   main  60831 5446683                       fiber.scheduler - Fiber 20 terminated.
   info 2023-05-05 05:36:13.717       lsvc   main  60831 5446683    3            anynet.connection_mgr - Scheduling cleanup in 30 seconds.
   info 2023-05-05 05:36:13.718       lsvc   main  60831 5446683   19                      app.service - Fiber exit (ipc).
   info 2023-05-05 05:36:13.718       lsvc   main  60831 5446683                       fiber.scheduler - Fiber 19 'ipc_connection' (parent: 1) terminated.
   info 2023-05-05 05:36:14.015      front   main  60891 5447743                      mac_app.frontend - restoring idle sleep for frontend user
   info 2023-05-05 05:36:18.172      front   main  60891 5447743                  app.frontend_session - The user has requested a connection quit.
   info 2023-05-05 05:36:18.172      front   ctrl  60891 5447757                      mac_app.frontend - Session count: 0
   info 2023-05-05 05:36:18.221      front   main  60891 5447743                  app.frontend_session - Deleting session.
   info 2023-05-05 05:36:18.222       lsvc   main  60831 5446683   17                      app.service - Stop monitoring 822247570.
  error 2023-05-05 05:36:18.248      front   main  60891 5447743         mac_app.helper_tool_interface - Global files not found.
   info 2023-05-05 05:36:18.251       lsvc   main  60831 5446683   17                  fiber.scheduler - Spawning root fiber 30 'online_monitor'.
   info 2023-05-05 05:36:18.251       lsvc   main  60831 5446683   30               app.online_monitor - Online state monitor started.
   info 2023-05-05 05:36:18.261      front   main  60891 5447743                     gui.display_panel - Deleting.
   info 2023-05-05 05:36:18.334      front   main  60891 5447743                  desk_rt.gl_view.port - Deleted
   info 2023-05-05 05:36:18.335      front   main  60891 5447743                          desk_rt.view - View deleted.
   info 2023-05-05 05:36:18.335      front   main  60891 5447743              base.prot.job_dispatcher - 0 undelivered packets.
   info 2023-05-05 05:36:18.335      front   timr  60891 5447935          base.signal.local.timer_impl - Timer wants to quit.
   info 2023-05-05 05:36:18.335      front   timr  60891 5447934          base.signal.local.timer_impl - Timer wants to quit.
   info 2023-05-05 05:36:21.166      front   main  60891 5447743                      mac_app.frontend - Sending a connection request for address 822247570.
   info 2023-05-05 05:36:21.166      front   timr  60891 5474652          base.signal.local.timer_impl - Initialized master timer.
   info 2023-05-05 05:36:21.166      front   timr  60891 5474653          base.signal.local.timer_impl - Initialized master timer.
   info 2023-05-05 05:36:21.169       lsvc   main  60831 5446683    1                      app.service - New IPC connection.
   info 2023-05-05 05:36:21.170       lsvc   main  60831 5446683    1                  fiber.scheduler - Spawning child fiber 31 'ipc_connection' (parent: 1).
   info 2023-05-05 05:36:21.170       lsvc   main  60831 5446683   31                      app.service - Creating an IPC accept socket.
   info 2023-05-05 05:36:21.172       lsvc   main  60831 5446683   31                      app.service - Connected to 60891 (frontend).
   info 2023-05-05 05:36:21.204      front   main  60891 5447743                      mac_app.frontend - preventing sleep for frontend user
   info 2023-05-05 05:36:21.482      front   main  60891 5447743                      mac_app.frontend - Session count: 1
   info 2023-05-05 05:36:21.482      front   ctrl  60891 5447757                  app.frontend_session - Requesting session.
   info 2023-05-05 05:36:21.483       lsvc   main  60831 5446683   31                      app.service - Received outgoing connection request for address 822247570 (direct).
   info 2023-05-05 05:36:21.485       lsvc   main  60831 5446683   31                      app.session - Session features: deskrt, clipboard, chat, audio, input, tcp_tunnel.
   info 2023-05-05 05:36:21.485       lsvc   main  60831 5446683   31                      app.service - Creating remote control session.
   info 2023-05-05 05:36:21.485       lsvc   main  60831 5446683   31         anynet.client_packetizer - Adjusted send buffer: 8192
   info 2023-05-05 05:36:21.485       lsvc   main  60831 5446683   31                anynet.any_socket - Keepalive is disabled
   info 2023-05-05 05:36:21.485       lsvc   main  60831 5446683   31                      app.session - 1: Connecting to "822247570"
   info 2023-05-05 05:36:21.485       lsvc   main  60831 5446683   31                  fiber.scheduler - Spawning root fiber 32.
   info 2023-05-05 05:36:21.486       lsvc   main  60831 5446683   32                anynet.any_socket - Connect fiber spawned.
   info 2023-05-05 05:36:21.486       lsvc   main  60831 5446683   32                anynet.any_socket - Connecting to 822247570.
   info 2023-05-05 05:36:21.486       lsvc   main  60831 5446683   32                anynet.any_socket - Retrieving client information.
warning 2023-05-05 05:36:21.486       lsvc   main  60831 5446683    4                      anynet.conn - Could not send login token. unavailable (6).
   info 2023-05-05 05:36:21.750       lsvc   main  60831 5446683   32                anynet.any_socket - Client-ID: 822247570 (FPR: 0861f549e64b).
   info 2023-05-05 05:36:21.750       lsvc   main  60831 5446683   32                anynet.any_socket - Logged in from 49.49.219.64:50276 on relay 6fb0133b.
   info 2023-05-05 05:36:21.750       lsvc   main  60831 5446683   32            anynet.connection_mgr - Making a new connection to client 0861f549e64bbd2584a4d1592cf2862cc852c38b.
   info 2023-05-05 05:36:21.750       lsvc   main  60831 5446683   32                  fiber.scheduler - Spawning root fiber 33.
   info 2023-05-05 05:36:21.750       lsvc   main  60831 5446683   32                anynet.any_socket - Sending a connect request (on the clients relay).
   info 2023-05-05 05:36:21.750       lsvc   main  60831 5446683   32            anynet.connection_mgr - Re-using connection to relay 6fb0133b.
warning 2023-05-05 05:36:21.750       lsvc   main  60831 5446683   22                      anynet.conn - Could not send login token. unavailable (8).
   info 2023-05-05 05:36:21.751       lsvc   main  60831 5446683   33                  fiber.scheduler - Spawning child fiber 34 (parent: 33).
   info 2023-05-05 05:36:22.349       lsvc   main  60831 5446683   32                anynet.any_socket - Connect request accepted, tunnel route created.
   info 2023-05-05 05:36:22.349       lsvc   main  60831 5446683   32                anynet.any_socket - Local vport: 11, Remote vport: 11, SID: 1676827205195688
   info 2023-05-05 05:36:22.349       lsvc   main  60831 5446683   32                anynet.any_socket - Sending 0 queued blobs.
   info 2023-05-05 05:36:22.349       lsvc   main  60831 5446683   32                anynet.any_socket - Initiating the managed connection.
warning 2023-05-05 05:36:22.349       lsvc   main  60831 5446683   32                anynet.any_socket - Unexpected: connect_msg_t.
   info 2023-05-05 05:36:22.349       lsvc   main  60831 5446683   34           anynet.punch_connector - Spawning fibers for 3 potential connect addresses.
   info 2023-05-05 05:36:22.349       lsvc   main  60831 5446683   34           anynet.punch_connector - -> Spawning: 128.0.14.124:7070 (0).
   info 2023-05-05 05:36:22.350       lsvc   main  60831 5446683   34                  fiber.scheduler - Spawning child fiber 35 (parent: 34).
   info 2023-05-05 05:36:22.350       lsvc   main  60831 5446683   34           anynet.punch_connector - -> Spawning: 49.49.219.64:50276 (1).
   info 2023-05-05 05:36:22.350       lsvc   main  60831 5446683   34                  fiber.scheduler - Spawning child fiber 36 (parent: 34).
   info 2023-05-05 05:36:22.350       lsvc   main  60831 5446683   34           anynet.punch_connector - -> Spawning: 49.49.219.64:7070 (2).
   info 2023-05-05 05:36:22.350       lsvc   main  60831 5446683   34                  fiber.scheduler - Spawning child fiber 37 (parent: 34).
   info 2023-05-05 05:36:22.350       lsvc   main  60831 5446683   31                      app.session - 1: Net connection established.
   info 2023-05-05 05:36:22.350       lsvc   main  60831 5446683   31                      app.session - 2: Requesting a session.
   info 2023-05-05 05:36:22.351       lsvc   main  60831 5446683   35           anynet.punch_connector - [128.0.14.124:7070] Connecting
   info 2023-05-05 05:36:22.351       lsvc   main  60831 5446683   36           anynet.punch_connector - [49.49.219.64:50276] Connecting (lport 62906, attempt 0).
   info 2023-05-05 05:36:22.351       lsvc   main  60831 5446683   37           anynet.punch_connector - [49.49.219.64:7070] Connecting
   info 2023-05-05 05:36:24.332       lsvc   main  60831 5446683   31                      app.session - Using protocol version 4.
   info 2023-05-05 05:36:24.333       lsvc   main  60831 5446683   31                      app.session - 2: Session acknowledged.
   info 2023-05-05 05:36:24.333      front   wrk1  60891 5447759                  app.frontend_session - Remote caps: sound_src, sound_sink, keyboard_sink, keyboard2, switch_sides, request_elevation, request_elevation_pw, clip_paste_files, clip_src_files, send_sas, block_input, request_vp_dimensions, keyboard_unicode, sysinfo, remote_restart, volatile_token, keyb_hint_src, filetransfer_server, filetransfer_client, remote_printing, whiteboard, tcp_tunnel, privacy_feature, encoder_reset, two_factor_auth, reverse_remote_printing, force_remote_restart, lossless_codec, report_kbd_focus, reset_vp_resolution, string_input, quality_adaptive, clipboard_split, portable
   info 2023-05-05 05:36:24.333      front   wrk1  60891 5447759                  app.frontend_session - Remote OS: Windows
   info 2023-05-05 05:36:24.334       lsvc   main  60831 5446683   31                      app.session - 3: Authentication.
   info 2023-05-05 05:36:24.334      front   wrk1  60891 5447759                  app.frontend_session - Connection flags: direct paid 3 4 
   info 2023-05-05 05:36:24.334      front   wrk1  60891 5447759                  app.frontend_session - Remote version: 7.1.11
   info 2023-05-05 05:36:24.334       lsvc   main  60831 5446683   31                      app.session - Forwarding wait for accept challenge (0).
   info 2023-05-05 05:36:24.334      front   wrk2  60891 5447760                  app.frontend_session - Received wait for accept request.
warning 2023-05-05 05:36:24.339      front   wrk2  60891 5447760                  app.frontend_session - Remote asked for a volatile token, but we have none.
   info 2023-05-05 05:36:33.209      front   main  60891 5447743                  app.frontend_session - The user has requested a connection quit.
   info 2023-05-05 05:36:33.211      front   ctrl  60891 5447757                  app.frontend_session - Stopping session.
   info 2023-05-05 05:36:33.262      front   ctrl  60891 5447757                  app.frontend_session - Session stopped.
   info 2023-05-05 05:36:33.507      front   ctrl  60891 5447757                      mac_app.frontend - Session count: 0
   info 2023-05-05 05:36:33.507       lsvc   main  60831 5446683   31                      app.session - IPC socket closed normally.
   info 2023-05-05 05:36:33.507      front   main  60891 5447743                  app.frontend_session - Deleting session.
   info 2023-05-05 05:36:33.507       lsvc   main  60831 5446683                       fiber.scheduler - Fiber 31 'ipc_connection' (parent: 1) requested quit of fiber 32.
   info 2023-05-05 05:36:33.507       lsvc   main  60831 5446683   32                anynet.any_socket - Received quit.
   info 2023-05-05 05:36:33.507       lsvc   main  60831 5446683   32                anynet.any_socket - Connect fiber stopped.
   info 2023-05-05 05:36:33.508       lsvc   main  60831 5446683                       fiber.scheduler - Fiber 32 terminated.
   info 2023-05-05 05:36:33.508       lsvc   main  60831 5446683    3            anynet.connection_mgr - Scheduling cleanup in 30 seconds.
   info 2023-05-05 05:36:33.508       lsvc   main  60831 5446683    3            anynet.connection_mgr - Scheduling cleanup in 30 seconds.
   info 2023-05-05 05:36:33.508       lsvc   main  60831 5446683   31                      app.service - Fiber exit (ipc).
   info 2023-05-05 05:36:33.509       lsvc   main  60831 5446683                       fiber.scheduler - Fiber 31 'ipc_connection' (parent: 1) terminated.
   info 2023-05-05 05:36:33.509       lsvc   main  60831 5446683   17                      app.service - Stop monitoring 822247570.
  error 2023-05-05 05:36:33.807      front   main  60891 5447743         mac_app.helper_tool_interface - Global files not found.
   info 2023-05-05 05:36:33.834      front   main  60891 5447743                     gui.display_panel - Deleting.
   info 2023-05-05 05:36:33.834      front   main  60891 5447743                      mac_app.frontend - restoring idle sleep for frontend user
   info 2023-05-05 05:36:33.834      front   main  60891 5447743              base.prot.job_dispatcher - 0 undelivered packets.
   info 2023-05-05 05:36:33.834      front   timr  60891 5474653          base.signal.local.timer_impl - Timer wants to quit.
   info 2023-05-05 05:36:33.834      front   timr  60891 5474652          base.signal.local.timer_impl - Timer wants to quit.
   info 2023-05-05 05:36:37.355       lsvc   main  60831 5446683   35           anynet.punch_connector - [128.0.14.124:7070] Connection failed (result_timeout)).
   info 2023-05-05 05:36:37.355       lsvc   main  60831 5446683                       fiber.scheduler - Fiber 35 (parent: 34) terminated.
   info 2023-05-05 05:36:37.356       lsvc   main  60831 5446683   36           anynet.punch_connector - [49.49.219.64:50276] Connect failed (result_timeout)).
   info 2023-05-05 05:36:37.356       lsvc   main  60831 5446683   37           anynet.punch_connector - [49.49.219.64:7070] Connection failed (result_timeout)).
   info 2023-05-05 05:36:37.356       lsvc   main  60831 5446683                       fiber.scheduler - Fiber 37 (parent: 34) terminated.
   info 2023-05-05 05:36:37.611       lsvc   main  60831 5446683   36           anynet.punch_connector - [49.49.219.64:50276] Connecting (lport 62906, attempt 1).
   info 2023-05-05 05:36:52.615       lsvc   main  60831 5446683   36           anynet.punch_connector - [49.49.219.64:50276] Connect failed (result_timeout)).
   info 2023-05-05 05:36:52.867       lsvc   main  60831 5446683   36           anynet.punch_connector - [49.49.219.64:50276] Connecting (lport 62906, attempt 2).
   info 2023-05-05 05:37:03.512       lsvc   main  60831 5446683                       fiber.scheduler - Fiber 3 'connection_mgr' requested quit of fiber 33.
  error 2023-05-05 05:37:03.513       lsvc   main  60831 5446683   33       anynet.managed_client_conn - Received quit during connect.
   info 2023-05-05 05:37:03.513       lsvc   main  60831 5446683   33            anynet.connection_mgr - Forcing cleanup.
   info 2023-05-05 05:37:03.513       lsvc   main  60831 5446683   33       anynet.managed_client_conn - Managed client connection failed.
   info 2023-05-05 05:37:03.513       lsvc   main  60831 5446683                       fiber.scheduler - Fiber 33 requested quit of fiber 34 (parent: 33).
   info 2023-05-05 05:37:03.513       lsvc   main  60831 5446683   34           anynet.punch_connector - Connect aborted.
   info 2023-05-05 05:37:03.513       lsvc   main  60831 5446683                       fiber.scheduler - Fiber 34 (parent: 33) requested quit of fiber 36 (parent: 34).
   info 2023-05-05 05:37:03.513       lsvc   main  60831 5446683   36           anynet.punch_connector - Received quit.
   info 2023-05-05 05:37:03.513       lsvc   main  60831 5446683                       fiber.scheduler - Fiber 36 (parent: 34) terminated.
   info 2023-05-05 05:37:03.513       lsvc   main  60831 5446683                       fiber.scheduler - Fiber 34 (parent: 33) terminated.
   info 2023-05-05 05:37:03.513       lsvc   main  60831 5446683                       fiber.scheduler - Fiber 33 terminated.
   info 2023-05-05 05:37:03.514       lsvc   main  60831 5446683                       fiber.scheduler - Fiber 3 'connection_mgr' requested quit of fiber 22.
   info 2023-05-05 05:37:03.514       lsvc   main  60831 5446683   22           anynet.supp_relay_conn - Supplementary relay connection stopped.
   info 2023-05-05 05:37:03.514       lsvc   main  60831 5446683   22            anynet.connection_mgr - Forcing cleanup.
   info 2023-05-05 05:37:03.514       lsvc   main  60831 5446683                       fiber.scheduler - Fiber 22 requested quit of fiber 26.
   info 2023-05-05 05:37:03.517       lsvc   main  60831 5446683   26                      fiber.fiber - Received quit.
   info 2023-05-05 05:37:03.517       lsvc   main  60831 5446683                       fiber.scheduler - Fiber 26 terminated.
   info 2023-05-05 05:37:03.517       lsvc   main  60831 5446683                       fiber.scheduler - Fiber 22 requested quit of fiber 25.
   info 2023-05-05 05:37:03.518       lsvc   main  60831 5446683   25                      fiber.fiber - Received quit.
   info 2023-05-05 05:37:03.518       lsvc   main  60831 5446683                       fiber.scheduler - Fiber 25 terminated.
   info 2023-05-05 05:37:03.520       lsvc   main  60831 5446683                       fiber.scheduler - Fiber 22 terminated.
   info 2023-05-05 05:37:03.520       lsvc   main  60831 5446683    3            anynet.connection_mgr - Cleaned up 1/1 managed client connections.
   info 2023-05-05 05:37:03.520       lsvc   main  60831 5446683    3            anynet.connection_mgr - Cleaned up 1/1 supplemental relay connections.
  error 2023-05-05 06:41:43.511      front   main  60891 5447743         mac_app.helper_tool_interface - Global files not found.
   info 2023-05-05 06:42:55.989      front   main  60891 5447743                      mac_app.frontend - Sending a connection request for address 822247570.
   info 2023-05-05 06:42:55.991      front   timr  60891 5505092          base.signal.local.timer_impl - Initialized master timer.
   info 2023-05-05 06:42:55.992      front   timr  60891 5505093          base.signal.local.timer_impl - Initialized master timer.
   info 2023-05-05 06:42:55.997       lsvc   main  60831 5446683    1                      app.service - New IPC connection.
   info 2023-05-05 06:42:55.999       lsvc   main  60831 5446683    1                  fiber.scheduler - Spawning child fiber 38 'ipc_connection' (parent: 1).
   info 2023-05-05 06:42:55.999       lsvc   main  60831 5446683   38                      app.service - Creating an IPC accept socket.
   info 2023-05-05 06:42:56.004       lsvc   main  60831 5446683   38                      app.service - Connected to 60891 (frontend).
   info 2023-05-05 06:42:56.047      front   main  60891 5447743                      mac_app.frontend - preventing sleep for frontend user
   info 2023-05-05 06:42:56.340      front   main  60891 5447743                      mac_app.frontend - Session count: 1
   info 2023-05-05 06:42:56.341      front   ctrl  60891 5447757                  app.frontend_session - Requesting session.
   info 2023-05-05 06:42:56.342       lsvc   main  60831 5446683   38                      app.service - Received outgoing connection request for address 822247570 (direct).
   info 2023-05-05 06:42:56.345       lsvc   main  60831 5446683   38                      app.session - Session features: deskrt, clipboard, chat, audio, input, tcp_tunnel.
   info 2023-05-05 06:42:56.345       lsvc   main  60831 5446683   38                      app.service - Creating remote control session.
   info 2023-05-05 06:42:56.349       lsvc   main  60831 5446683   38         anynet.client_packetizer - Adjusted send buffer: 8192
   info 2023-05-05 06:42:56.349       lsvc   main  60831 5446683   38                anynet.any_socket - Keepalive is disabled
   info 2023-05-05 06:42:56.349       lsvc   main  60831 5446683   38                      app.session - 1: Connecting to "822247570"
   info 2023-05-05 06:42:56.349       lsvc   main  60831 5446683   38                  fiber.scheduler - Spawning root fiber 39.
   info 2023-05-05 06:42:56.349       lsvc   main  60831 5446683   39                anynet.any_socket - Connect fiber spawned.
   info 2023-05-05 06:42:56.350       lsvc   main  60831 5446683   39                anynet.any_socket - Connecting to 822247570.
   info 2023-05-05 06:42:56.350       lsvc   main  60831 5446683   39                anynet.any_socket - Retrieving client information.
warning 2023-05-05 06:42:56.350       lsvc   main  60831 5446683    4                      anynet.conn - Could not send login token. unavailable (6).
   info 2023-05-05 06:42:56.612       lsvc   main  60831 5446683   39                anynet.any_socket - Client-ID: 822247570 (FPR: 0861f549e64b).
   info 2023-05-05 06:42:56.612       lsvc   main  60831 5446683   39                anynet.any_socket - Logged in from 49.49.219.64:54100 on relay 6fb0133b.
   info 2023-05-05 06:42:56.612       lsvc   main  60831 5446683   39            anynet.connection_mgr - Making a new connection to client 0861f549e64bbd2584a4d1592cf2862cc852c38b.
   info 2023-05-05 06:42:56.613       lsvc   main  60831 5446683   39                  fiber.scheduler - Spawning root fiber 40.
   info 2023-05-05 06:42:56.613       lsvc   main  60831 5446683   39                anynet.any_socket - Sending a connect request (on the clients relay).
   info 2023-05-05 06:42:56.613       lsvc   main  60831 5446683   39            anynet.connection_mgr - Making a new connection to relay 6fb0133b.
   info 2023-05-05 06:42:56.613       lsvc   main  60831 5446683   39                  fiber.scheduler - Spawning root fiber 41.
   info 2023-05-05 06:42:56.613       lsvc   main  60831 5446683   39                      anynet.conn - Request before connect. Queueing.
   info 2023-05-05 06:42:56.613       lsvc   main  60831 5446683   40                  fiber.scheduler - Spawning child fiber 42 (parent: 40).
   info 2023-05-05 06:42:56.614       lsvc   main  60831 5446683   41                  fiber.scheduler - Spawning child fiber 43 'relay_connector' (parent: 41).
   info 2023-05-05 06:42:56.614       lsvc   main  60831 5446683   43           anynet.relay_connector - Relay connector started.
   info 2023-05-05 06:42:56.615       lsvc   main  60831 5446683   43           anynet.relay_connector - Start proxy search.
   info 2023-05-05 06:42:56.619       lsvc   main  60831 5446683   43           anynet.relay_connector - Connecting to relay relay-6fb0133b.net.anydesk.com (1/1)
   info 2023-05-05 06:42:56.639       lsvc   main  60831 5446683   43           anynet.relay_connector - Using IPv4: 92.223.85.164
   info 2023-05-05 06:42:56.677       lsvc   main  60831 5446683   43                  fiber.scheduler - Spawning root fiber 44.
   info 2023-05-05 06:42:56.763       lsvc   main  60831 5446683   43           anynet.relay_connector - Cipher: ECDHE-ECDSA-AES256-GCM-SHA384 TLSv1.2 Kx=ECDH Au=ECDSA Enc=AESGCM(256) Mac=AEAD
   info 2023-05-05 06:42:56.764       lsvc   main  60831 5446683   43                  fiber.scheduler - Spawning root fiber 45.
   info 2023-05-05 06:42:56.765       lsvc   main  60831 5446683   43                        handshake - Using protocol version 3.
   info 2023-05-05 06:42:57.036       lsvc   main  60831 5446683   43           anynet.relay_connector - Connection established.
   info 2023-05-05 06:42:57.036       lsvc   main  60831 5446683   43           anynet.relay_connector - Relay connector stopped.
   info 2023-05-05 06:42:57.037       lsvc   main  60831 5446683                       fiber.scheduler - Fiber 43 'relay_connector' (parent: 41) terminated.
   info 2023-05-05 06:42:57.037       lsvc   main  60831 5446683   41                anynet.relay_conn - External address: 49.228.104.46:63253.
   info 2023-05-05 06:42:57.037       lsvc   main  60831 5446683   41           anynet.supp_relay_conn - Relay ID: 6fb0133b
warning 2023-05-05 06:42:57.037       lsvc   main  60831 5446683   41                      anynet.conn - Could not send login token. unavailable (8).
   info 2023-05-05 06:42:57.038       lsvc   main  60831 5446683   41                anynet.relay_conn - Punch socket set up on port 63253.
   info 2023-05-05 06:42:57.038       lsvc   main  60831 5446683    3            anynet.connection_mgr - Supplementary relay connection to 6fb0133b established.
   info 2023-05-05 06:42:57.642       lsvc   main  60831 5446683   39                anynet.any_socket - Connect request accepted, tunnel route created.
   info 2023-05-05 06:42:57.642       lsvc   main  60831 5446683   39                anynet.any_socket - Local vport: 12, Remote vport: 10, SID: 1676827265288746
   info 2023-05-05 06:42:57.642       lsvc   main  60831 5446683   39                anynet.any_socket - Sending 0 queued blobs.
   info 2023-05-05 06:42:57.642       lsvc   main  60831 5446683   39                anynet.any_socket - Initiating the managed connection.
warning 2023-05-05 06:42:57.642       lsvc   main  60831 5446683   39                anynet.any_socket - Unexpected: connect_msg_t.
   info 2023-05-05 06:42:57.642       lsvc   main  60831 5446683   42           anynet.punch_connector - Spawning fibers for 3 potential connect addresses.
   info 2023-05-05 06:42:57.642       lsvc   main  60831 5446683   42           anynet.punch_connector - -> Spawning: 128.0.14.124:7070 (0).
   info 2023-05-05 06:42:57.643       lsvc   main  60831 5446683   42                  fiber.scheduler - Spawning child fiber 46 (parent: 42).
   info 2023-05-05 06:42:57.643       lsvc   main  60831 5446683   42           anynet.punch_connector - -> Spawning: 49.49.219.64:54100 (1).
   info 2023-05-05 06:42:57.643       lsvc   main  60831 5446683   42                  fiber.scheduler - Spawning child fiber 47 (parent: 42).
   info 2023-05-05 06:42:57.643       lsvc   main  60831 5446683   42           anynet.punch_connector - -> Spawning: 49.49.219.64:7070 (2).
   info 2023-05-05 06:42:57.643       lsvc   main  60831 5446683   42                  fiber.scheduler - Spawning child fiber 48 (parent: 42).
   info 2023-05-05 06:42:57.643       lsvc   main  60831 5446683   38                      app.session - 1: Net connection established.
   info 2023-05-05 06:42:57.643       lsvc   main  60831 5446683   38                      app.session - 2: Requesting a session.
   info 2023-05-05 06:42:57.646       lsvc   main  60831 5446683   46           anynet.punch_connector - [128.0.14.124:7070] Connecting
   info 2023-05-05 06:42:57.646       lsvc   main  60831 5446683   47           anynet.punch_connector - [49.49.219.64:54100] Connecting (lport 63253, attempt 0).
   info 2023-05-05 06:42:57.646       lsvc   main  60831 5446683   48           anynet.punch_connector - [49.49.219.64:7070] Connecting
   info 2023-05-05 06:42:58.548       lsvc   main  60831 5446683   38                      app.session - Using protocol version 4.
   info 2023-05-05 06:42:58.549       lsvc   main  60831 5446683   38                      app.session - 2: Session acknowledged.
   info 2023-05-05 06:42:58.549       lsvc   main  60831 5446683   38                      app.session - 3: Authentication.
   info 2023-05-05 06:42:58.549      front   wrk1  60891 5447759                  app.frontend_session - Remote caps: sound_src, sound_sink, keyboard_sink, keyboard2, switch_sides, request_elevation, request_elevation_pw, clip_paste_files, clip_src_files, send_sas, block_input, request_vp_dimensions, keyboard_unicode, sysinfo, remote_restart, volatile_token, keyb_hint_src, filetransfer_server, filetransfer_client, remote_printing, whiteboard, tcp_tunnel, privacy_feature, encoder_reset, two_factor_auth, reverse_remote_printing, force_remote_restart, lossless_codec, report_kbd_focus, reset_vp_resolution, string_input, quality_adaptive, clipboard_split, portable
   info 2023-05-05 06:42:58.549       lsvc   main  60831 5446683   38                      app.session - Forwarding wait for accept challenge (0).
   info 2023-05-05 06:42:58.549      front   wrk1  60891 5447759                  app.frontend_session - Remote OS: Windows
   info 2023-05-05 06:42:58.549      front   wrk1  60891 5447759                  app.frontend_session - Connection flags: direct paid 3 4 
   info 2023-05-05 06:42:58.549      front   wrk1  60891 5447759                  app.frontend_session - Remote version: 7.1.11
   info 2023-05-05 06:42:58.549      front   wrk2  60891 5447760                  app.frontend_session - Received wait for accept request.
warning 2023-05-05 06:42:58.551      front   wrk2  60891 5447760                  app.frontend_session - Remote asked for a volatile token, but we have none.
   info 2023-05-05 06:42:59.915       lsvc   main  60831 5446683   38                      app.session - 3: Session granted.
   info 2023-05-05 06:42:59.916       lsvc   main  60831 5446683   38                      app.session - Login token set. Updating session stats.
warning 2023-05-05 06:42:59.916       lsvc   main  60831 5446683   38                      anynet.conn - Could not send login token. unavailable (15).
   info 2023-05-05 06:42:59.916       lsvc   main  60831 5446683   38                      app.session - 4: Waiting for the frontend to be ready.
   info 2023-05-05 06:42:59.916      front   ctrl  60891 5447757                  app.frontend_session - Starting connect session.
   info 2023-05-05 06:42:59.919      front   ctrl  60891 5447757                          memory_arena - Reserving arena of 256 MB
   info 2023-05-05 06:42:59.919      front   ctrl  60891 5447757                          memory_arena - Reserving arena of 128 MB
   info 2023-05-05 06:42:59.920      front   ctrl  60891 5447757             desk_rt.display_component - Startup.
   info 2023-05-05 06:42:59.921      front   ctrl  60891 5447757                      app.clipbrd_comp - Engaging clipboard.
   info 2023-05-05 06:42:59.921      front   ctrl  60891 5447757                      app.clipbrd_comp - Ready.
   info 2023-05-05 06:42:59.945      front   ctrl  60891 5447757                  app.frontend_session - Enabling screen capturing.
   info 2023-05-05 06:42:59.945      front   ctrl  60891 5447757                  app.frontend_session - Session started.
   info 2023-05-05 06:42:59.945       lsvc   main  60831 5446683   38                      app.session - 4: Frontend ready.
   info 2023-05-05 06:42:59.945       lsvc   main  60831 5446683   38                      app.session - 5: Entering processing loop.
   info 2023-05-05 06:42:59.945       lsvc   main  60831 5446683   38         anynet.client_packetizer - Adjusted send buffer: 8192
   info 2023-05-05 06:42:59.946       lsvc   main  60831 5446683   38         anynet.client_packetizer - Adjusted send buffer: 8192
   info 2023-05-05 06:42:59.947      front   wrk2  60891 5447760                  app.frontend_session - Received new remote caps: sound_src, sound_sink, keyboard_sink, keyboard2, switch_sides, request_elevation, request_elevation_pw, clip_paste_files, clip_src_files, send_sas, block_input, request_vp_dimensions, keyboard_unicode, sysinfo, remote_restart, volatile_token, keyb_hint_src, filetransfer_server, filetransfer_client, remote_printing, whiteboard, tcp_tunnel, privacy_feature, encoder_reset, two_factor_auth, reverse_remote_printing, force_remote_restart, lossless_codec, report_kbd_focus, reset_vp_resolution, string_input, quality_adaptive, clipboard_split, portable
   info 2023-05-05 06:42:59.947      front   wrk2  60891 5447760                  app.frontend_session - Received new remote feature map: 66.
   info 2023-05-05 06:43:03.287      front   wrk1  60891 5447759                  app.frontend_session - Received new remote caps: sound_src, sound_sink, keyboard_sink, keyboard2, switch_sides, clip_paste_files, clip_src_files, send_sas, block_input, request_vp_dimensions, keyboard_unicode, sysinfo, remote_restart, volatile_token, keyb_hint_src, filetransfer_server, filetransfer_client, remote_printing, whiteboard, tcp_tunnel, privacy_feature, encoder_reset, two_factor_auth, reverse_remote_printing, force_remote_restart, lossless_codec, report_kbd_focus, reset_vp_resolution, string_input, quality_adaptive, clipboard_split, portable
   info 2023-05-05 06:43:03.287      front   wrk1  60891 5447759                  app.frontend_session - Received new remote feature map: 66.
   info 2023-05-05 06:43:03.342      front   wrk0  60891 5447758                  app.frontend_session - Received new input permissions: (enabled allowed supported)
   info 2023-05-05 06:43:03.342      front   wrk2  60891 5447760                  app.frontend_session - Keyboard layouts differ (l:unknown != r:unknown). Auto-mode is Translate, user-mode is 0.
   info 2023-05-05 06:43:03.342      front   wrk1  60891 5447759             desk_rt.display_component - Received monitor info. Monitor count: 1.
   info 2023-05-05 06:43:03.910      front   wrk2  60891 5447760                  app.frontend_session - Received new audio permissions: (enabled allowed supported)
   info 2023-05-05 06:43:03.920      front   wrk1  60891 5447759                                glwrap - Initializing OpenGL: 2.1 Metal - 83
   info 2023-05-05 06:43:03.928      front   wrk2  60891 5447760                  app.frontend_session - Updating clipboard permissions: (enabled allowed supported)
   info 2023-05-05 06:43:03.928      front   wrk2  60891 5447760                  app.frontend_session - Received new clipboard permissions: (enabled allowed supported)
   info 2023-05-05 06:43:03.929      front   wrk1  60891 5447759                  app.frontend_session - Received new permissions to block input: (disabled forbidden supported)
   info 2023-05-05 06:43:03.937      front   wrk1  60891 5447759                  app.frontend_session - Received new sas permissions: (disabled forbidden unsupported)
   info 2023-05-05 06:43:03.944      front   wrk2  60891 5447760                  app.frontend_session - Received new file manager permissions: (enabled allowed supported)
   info 2023-05-05 06:43:03.950      front   wrk1  60891 5447759                  app.frontend_session - Received new permissions to lock account: (disabled allowed supported)
   info 2023-05-05 06:43:03.956      front   wrk2  60891 5447760                  app.frontend_session - Received new record session permissions: (disabled allowed supported)
   info 2023-05-05 06:43:03.961      front   wrk1  60891 5447759                  app.frontend_session - Received new whiteboard permissions: (disabled allowed supported)
   info 2023-05-05 06:43:03.966      front   wrk2  60891 5447760                  app.frontend_session - Received new TCP tunneling permissions: (enabled forbidden supported)
   info 2023-05-05 06:43:03.974      front   wrk2  60891 5447760                  app.frontend_session - Received new VPN permissions: (enabled forbidden unsupported)
   info 2023-05-05 06:43:03.978      front   wrk2  60891 5447760                  app.frontend_session - Received new privacy feature permissions: (disabled forbidden supported)
   info 2023-05-05 06:43:03.978      front   wrk1  60891 5447759                  app.frontend_session - Updating clipboard_files permissions: (enabled allowed supported)
   info 2023-05-05 06:43:03.978      front   wrk1  60891 5447759                  app.frontend_session - Received new clipboard_files permissions: (enabled allowed supported)
   info 2023-05-05 06:43:03.982      front   wrk2  60891 5447760                  app.frontend_session - Received new permission to restart: (disabled allowed supported)
   info 2023-05-05 06:43:03.986      front   wrk1  60891 5447759                  app.frontend_session - Received new permission to sysinfo: (enabled allowed supported)
   info 2023-05-05 06:43:03.989      front   wrk2  60891 5447760                  app.frontend_session - Received new permission to mouse_pointer: (disabled allowed supported)
   info 2023-05-05 06:43:03.990      front   wrk3  60891 5447761                  app.frontend_session - Received new permission to modify_forbidden_windows: (disabled forbidden supported)
   info 2023-05-05 06:43:03.992      front   wrk1  60891 5447759             desk_rt.display_component - Remote resolution changed: Monitor 0 (1920x1080)
   info 2023-05-05 06:43:03.993      front   wrk1  60891 5447759                  desk_rt.gl_view.port - Created back texture 1920x1080
   info 2023-05-05 06:43:03.993      front   wrk1  60891 5447759                  desk_rt.gl_view.port - Initialized (1920x1080, X8R8G8B8).
   info 2023-05-05 06:43:04.271      front   wrk2  60891 5447760                  app.frontend_session - Keyboard layouts differ (l:unknown != r:en_us). Auto-mode is Translate, user-mode is 0.
   info 2023-05-05 06:43:04.896      front   wrk0  60891 5447758                  app.frontend_session - Requesting a new thumbnail.
   info 2023-05-05 06:43:04.897      front   wrk0  60891 5447758             app.tcp_tunnel.raw_config - Loading config from ad.session.tcp_tunneling.fwd.local.822247570.
   info 2023-05-05 06:43:04.897      front   wrk0  60891 5447758             app.tcp_tunnel.raw_config - Loading config from ad.session.tcp_tunneling.bwd.local.822247570.
   info 2023-05-05 06:43:04.897       lsvc   main  60831 5446683   38            app.tcp_tunnel.config - deserialized rules 2
   info 2023-05-05 06:43:04.897       lsvc   main  60831 5446683   38            app.tcp_tunnel.config - Forward rules:
   info 2023-05-05 06:43:12.650       lsvc   main  60831 5446683   46           anynet.punch_connector - [128.0.14.124:7070] Connection failed (result_timeout)).
   info 2023-05-05 06:43:12.651       lsvc   main  60831 5446683                       fiber.scheduler - Fiber 46 (parent: 42) terminated.
   info 2023-05-05 06:43:12.651       lsvc   main  60831 5446683   47           anynet.punch_connector - [49.49.219.64:54100] Connect failed (result_timeout)).
   info 2023-05-05 06:43:12.651       lsvc   main  60831 5446683   48           anynet.punch_connector - [49.49.219.64:7070] Connection failed (result_timeout)).
   info 2023-05-05 06:43:12.651       lsvc   main  60831 5446683                       fiber.scheduler - Fiber 48 (parent: 42) terminated.
   info 2023-05-05 06:43:12.906       lsvc   main  60831 5446683   47           anynet.punch_connector - [49.49.219.64:54100] Connecting (lport 63253, attempt 1).
   info 2023-05-05 06:43:19.539      front   wrk1  60891 5447759             desk_rt.display_component - Remote resolution changed: Monitor 0 (1680x1050)
   info 2023-05-05 06:43:19.539      front   wrk1  60891 5447759                  desk_rt.gl_view.port - Deleted
   info 2023-05-05 06:43:19.541      front   wrk1  60891 5447759                  desk_rt.gl_view.port - Created back texture 1680x1050
   info 2023-05-05 06:43:19.541      front   wrk1  60891 5447759                  desk_rt.gl_view.port - Initialized (1680x1050, X8R8G8B8).
   info 2023-05-05 06:43:27.910       lsvc   main  60831 5446683   47           anynet.punch_connector - [49.49.219.64:54100] Connect failed (result_timeout)).
   info 2023-05-05 06:43:28.165       lsvc   main  60831 5446683   47           anynet.punch_connector - [49.49.219.64:54100] Connecting (lport 63253, attempt 2).
   info 2023-05-05 06:43:43.168       lsvc   main  60831 5446683   47           anynet.punch_connector - [49.49.219.64:54100] Connect failed (result_timeout)).
   info 2023-05-05 06:43:43.422       lsvc   main  60831 5446683   47           anynet.punch_connector - [49.49.219.64:54100] Connecting (lport 63253, attempt 3).
   info 2023-05-05 06:43:56.542      front   main  60891 5447743                  app.frontend_session - Identical keyboard layout (en_us). Auto-mode is 1:1, user-mode is 0.
   info 2023-05-05 06:43:58.425       lsvc   main  60831 5446683   47           anynet.punch_connector - [49.49.219.64:54100] Connect failed (result_timeout)).
  error 2023-05-05 06:43:58.425       lsvc   main  60831 5446683   47           anynet.punch_connector - [49.49.219.64:54100] Too many retries.
   info 2023-05-05 06:43:58.425       lsvc   main  60831 5446683                       fiber.scheduler - Fiber 47 (parent: 42) terminated.
   info 2023-05-05 06:43:58.425       lsvc   main  60831 5446683   42           anynet.punch_connector - All connect fibers have failed.
   info 2023-05-05 06:44:03.427       lsvc   main  60831 5446683   42           anynet.punch_connector - Quit timeout has expired. Connect failed.
   info 2023-05-05 06:44:03.428       lsvc   main  60831 5446683                       fiber.scheduler - Fiber 42 (parent: 40) terminated.
  error 2023-05-05 06:44:03.428       lsvc   main  60831 5446683   40       anynet.managed_client_conn - Connect error (result_unknown).
   info 2023-05-05 06:44:03.428       lsvc   main  60831 5446683   40            anynet.connection_mgr - Forcing cleanup.
   info 2023-05-05 06:44:03.428       lsvc   main  60831 5446683   40       anynet.managed_client_conn - Managed client connection failed.
   info 2023-05-05 06:44:03.428       lsvc   main  60831 5446683                       fiber.scheduler - Fiber 40 terminated.
   info 2023-05-05 06:44:03.428       lsvc   main  60831 5446683    3            anynet.connection_mgr - Managed client connection with 0861f549e64bbd2584a4d1592cf2862cc852c38b failed (result_unknown).
   info 2023-05-05 06:44:03.428       lsvc   main  60831 5446683    3            anynet.connection_mgr - Cleaned up 1/1 managed client connections.
   info 2023-05-05 06:44:03.428       lsvc   main  60831 5446683    3            anynet.connection_mgr - Cleaned up 0/1 supplemental relay connections.
   info 2023-05-05 06:44:03.428       lsvc   main  60831 5446683   39                anynet.any_socket - Direct connection closed (result_unknown).
   info 2023-05-05 06:44:15.330      front   wrk1  60891 5447759                   audio.device_render - Starting render, queue full.
   info 2023-05-05 06:44:44.997      front   wrk1  60891 5447759                      app.clipbrd_comp - Got a text offer (66 b).
   info 2023-05-05 06:46:13.338      front   wrk1  60891 5447759                      app.clipbrd_comp - Got a text offer (150 b).
   info 2023-05-05 06:47:25.434      front   wrk1  60891 5447759                      app.clipbrd_comp - Got a text offer (48 b).
   info 2023-05-05 06:47:25.668      front   wrk1  60891 5447759                      app.clipbrd_comp - Got a text offer (48 b).
warning 2023-05-05 06:47:39.976      front   main  60891 5447743                         input_handler - Can't map flag state 255
warning 2023-05-05 06:47:39.983      front   main  60891 5447743                         input_handler - Unknown key 255 char (null). forcing translate
   info 2023-05-05 06:47:39.984      front   main  60891 5447743                  app.frontend_session - Keyboard layouts differ (l:unknown != r:en_us). Auto-mode is Translate, user-mode is 0.
warning 2023-05-05 06:47:40.185      front   main  60891 5447743                         input_handler - Can't map flag state 46
warning 2023-05-05 06:47:42.369      front   main  60891 5447743                         input_handler - Can't map flag state 255
warning 2023-05-05 06:47:42.369      front   main  60891 5447743                         input_handler - Unknown key 255 char (null). forcing translate
   info 2023-05-05 06:47:42.369      front   main  60891 5447743                  app.frontend_session - Identical keyboard layout (en_us). Auto-mode is 1:1, user-mode is 0.
warning 2023-05-05 06:47:42.638      front   main  60891 5447743                         input_handler - Can't map flag state 45
   info 2023-05-05 06:48:21.387      front   wrk1  60891 5447759                  app.frontend_session - Keyboard layouts differ (l:en_us != r:th_kedmanee). Auto-mode is Translate, user-mode is 0.
   info 2023-05-05 06:48:22.627      front   wrk1  60891 5447759                  app.frontend_session - Identical keyboard layout (en_us). Auto-mode is 1:1, user-mode is 0.
warning 2023-05-05 06:49:04.932      front   main  60891 5447743                         input_handler - Can't map flag state 0
   info 2023-05-05 06:49:04.932      front   main  60891 5447743                  app.frontend_session - Keyboard layouts differ (l:unknown != r:en_us). Auto-mode is Translate, user-mode is 0.
   info 2023-05-05 06:49:27.166      front   main  60891 5447743                  app.frontend_session - Identical keyboard layout (en_us). Auto-mode is 1:1, user-mode is 0.
   info 2023-05-05 06:53:23.476      front   wrk1  60891 5447759                      app.clipbrd_comp - Got a text offer (114 b).
   info 2023-05-05 06:54:10.794      front   wrk1  60891 5447759                      app.clipbrd_comp - Got a text offer (82 b).
   info 2023-05-05 06:54:12.810      front   wrk1  60891 5447759                      app.clipbrd_comp - Got a text offer (6 b).
   info 2023-05-05 06:54:22.042      front   wrk1  60891 5447759                      app.clipbrd_comp - Got a text offer (82 b).
   info 2023-05-05 06:54:22.283      front   wrk1  60891 5447759                      app.clipbrd_comp - Got a text offer (82 b).
   info 2023-05-05 06:54:22.535      front   wrk1  60891 5447759                      app.clipbrd_comp - Got a text offer (82 b).
   info 2023-05-05 06:54:26.052      front   wrk1  60891 5447759                      app.clipbrd_comp - Got a text offer (6 b).
   info 2023-05-05 06:54:37.072      front   wrk1  60891 5447759                      app.clipbrd_comp - Got a text offer (82 b).
warning 2023-05-05 06:54:54.438      front   main  60891 5447743                         input_handler - Can't map flag state 0
   info 2023-05-05 06:56:15.293      front   wrk1  60891 5447759                      app.clipbrd_comp - Got a text offer (48 b).
   info 2023-05-05 06:56:15.526      front   wrk1  60891 5447759                      app.clipbrd_comp - Got a text offer (48 b).
   info 2023-05-05 06:56:15.685      front   wrk1  60891 5447759                      app.clipbrd_comp - Got a text offer (48 b).
   info 2023-05-05 06:57:36.623      front   wrk1  60891 5447759                      app.clipbrd_comp - Got a text offer (62 b).
   info 2023-05-05 06:57:36.821      front   wrk1  60891 5447759                      app.clipbrd_comp - Got a text offer (62 b).
   info 2023-05-05 06:57:38.455      front   wrk1  60891 5447759                      app.clipbrd_comp - Got a text offer (6 b).
   info 2023-05-05 06:58:00.324      front   wrk1  60891 5447759                      app.clipbrd_comp - Got a text offer (62 b).
   info 2023-05-05 06:58:52.231      front   wrk1  60891 5447759                      app.clipbrd_comp - Got a text offer (48 b).
   info 2023-05-05 06:59:25.387      front   wrk1  60891 5447759                      app.clipbrd_comp - Got a text offer (52 b).
   info 2023-05-05 06:59:25.651      front   wrk1  60891 5447759                      app.clipbrd_comp - Got a text offer (52 b).
   info 2023-05-05 06:59:25.811      front   wrk1  60891 5447759                      app.clipbrd_comp - Got a text offer (52 b).
   info 2023-05-05 07:00:12.794      front   wrk1  60891 5447759                      app.clipbrd_comp - Got a text offer (54 b).
   info 2023-05-05 07:00:45.292      front   wrk0  60891 5447758                      app.clipbrd_comp - Got a text offer (34 b).
   info 2023-05-05 07:00:45.562      front   wrk1  60891 5447759                      app.clipbrd_comp - Got a text offer (34 b).
   info 2023-05-05 07:00:45.800      front   wrk1  60891 5447759                      app.clipbrd_comp - Got a text offer (34 b).
   info 2023-05-05 07:03:02.910      front   main  60891 5447743                  app.frontend_session - Keyboard layouts differ (l:unknown != r:en_us). Auto-mode is Translate, user-mode is 0.
   info 2023-05-05 07:03:06.039      front   main  60891 5447743                  app.frontend_session - Identical keyboard layout (en_us). Auto-mode is 1:1, user-mode is 0.
   info 2023-05-05 07:03:55.819      front   wrk1  60891 5447759                      app.clipbrd_comp - Got a text offer (82 b).
   info 2023-05-05 07:03:56.410      front   wrk1  60891 5447759                      app.clipbrd_comp - Got a text offer (4 b).
   info 2023-05-05 07:23:32.885      front   wrk1  60891 5447759                  app.frontend_session - Keyboard layouts differ (l:en_us != r:th_kedmanee). Auto-mode is Translate, user-mode is 0.
   info 2023-05-05 07:23:33.916      front   wrk1  60891 5447759                  app.frontend_session - Identical keyboard layout (en_us). Auto-mode is 1:1, user-mode is 0.
   info 2023-05-05 07:23:34.563      front   wrk0  60891 5447758                  app.frontend_session - Keyboard layouts differ (l:en_us != r:th_kedmanee). Auto-mode is Translate, user-mode is 0.
   info 2023-05-05 07:23:40.540      front   wrk1  60891 5447759                  app.frontend_session - Identical keyboard layout (en_us). Auto-mode is 1:1, user-mode is 0.
   info 2023-05-05 07:23:44.474      front   wrk1  60891 5447759                  app.frontend_session - Keyboard layouts differ (l:en_us != r:th_kedmanee). Auto-mode is Translate, user-mode is 0.
   info 2023-05-05 07:23:47.594      front   wrk1  60891 5447759                  app.frontend_session - Identical keyboard layout (en_us). Auto-mode is 1:1, user-mode is 0.
   info 2023-05-05 07:23:47.718      front   wrk2  60891 5447760                  app.frontend_session - Keyboard layouts differ (l:en_us != r:th_kedmanee). Auto-mode is Translate, user-mode is 0.
   info 2023-05-05 07:23:48.658       lsvc   main  60831 5446683   38                      app.session - Session closed by remote side: desk_rt_user_close.
   info 2023-05-05 07:23:48.660       lsvc   main  60831 5446683   38                      app.session - 5: Processing done.
   info 2023-05-05 07:23:48.662       lsvc   main  60831 5446683                       fiber.scheduler - Fiber 38 'ipc_connection' (parent: 1) requested quit of fiber 39.
   info 2023-05-05 07:23:48.662       lsvc   main  60831 5446683   39                anynet.any_socket - Connection closed by the server (anynet_closed).
   info 2023-05-05 07:23:48.662       lsvc   main  60831 5446683   39                anynet.any_socket - Connect fiber stopped.
   info 2023-05-05 07:23:48.663       lsvc   main  60831 5446683                       fiber.scheduler - Fiber 39 terminated.
   info 2023-05-05 07:23:48.663       lsvc   main  60831 5446683    3            anynet.connection_mgr - Scheduling cleanup in 30 seconds.
   info 2023-05-05 07:23:48.664      front   wrk0  60891 5447758                  app.frontend_session - The socket was closed remotely.
   info 2023-05-05 07:23:48.664       lsvc   main  60831 5446683   38                      app.service - Fiber exit (ipc).
   info 2023-05-05 07:23:48.664       lsvc   main  60831 5446683                       fiber.scheduler - Fiber 38 'ipc_connection' (parent: 1) terminated.
   info 2023-05-05 07:23:48.665      front   ctrl  60891 5447757                  app.frontend_session - Stopping session.
   info 2023-05-05 07:23:48.776      front   ctrl  60891 5447757             desk_rt.display_component - Stopping objects.
   info 2023-05-05 07:23:48.825      front   ctrl  60891 5447757                      app.clipbrd_comp - Closing clipboard.
   info 2023-05-05 07:23:48.825      front   ctrl  60891 5447757                      app.clipbrd_comp - Clipboard closed.
   info 2023-05-05 07:23:48.825      front   ctrl  60891 5447757                  app.frontend_session - Session stopped.
   info 2023-05-05 07:23:48.874      front   main  60891 5447743                      mac_app.frontend - restoring idle sleep for frontend user
   info 2023-05-05 07:24:18.668       lsvc   main  60831 5446683                       fiber.scheduler - Fiber 3 'connection_mgr' requested quit of fiber 41.
   info 2023-05-05 07:24:18.669       lsvc   main  60831 5446683   41           anynet.supp_relay_conn - Supplementary relay connection stopped.
   info 2023-05-05 07:24:18.669       lsvc   main  60831 5446683   41            anynet.connection_mgr - Forcing cleanup.
   info 2023-05-05 07:24:18.669       lsvc   main  60831 5446683                       fiber.scheduler - Fiber 41 requested quit of fiber 45.
   info 2023-05-05 07:24:18.671       lsvc   main  60831 5446683   45                      fiber.fiber - Received quit.
   info 2023-05-05 07:24:18.671       lsvc   main  60831 5446683                       fiber.scheduler - Fiber 45 terminated.
   info 2023-05-05 07:24:18.671       lsvc   main  60831 5446683                       fiber.scheduler - Fiber 41 requested quit of fiber 44.
   info 2023-05-05 07:24:18.671       lsvc   main  60831 5446683   44                      fiber.fiber - Received quit.
   info 2023-05-05 07:24:18.671       lsvc   main  60831 5446683                       fiber.scheduler - Fiber 44 terminated.
   info 2023-05-05 07:24:18.673       lsvc   main  60831 5446683                       fiber.scheduler - Fiber 41 terminated.
   info 2023-05-05 07:24:18.674       lsvc   main  60831 5446683    3            anynet.connection_mgr - Cleaned up 1/1 supplemental relay connections.
   info 2023-05-05 07:39:27.314      front   main  60891 5447743                  app.frontend_session - The user has requested a connection quit.
   info 2023-05-05 07:39:27.314      front   ctrl  60891 5447757                      mac_app.frontend - Session count: 0
   info 2023-05-05 07:39:27.361      front   main  60891 5447743                  app.frontend_session - Deleting session.
   info 2023-05-05 07:39:27.364       lsvc   main  60831 5446683   17                      app.service - Stop monitoring 822247570.
  error 2023-05-05 07:39:27.389      front   main  60891 5447743         mac_app.helper_tool_interface - Global files not found.
   info 2023-05-05 07:39:27.402      front   main  60891 5447743                     gui.display_panel - Deleting.
   info 2023-05-05 07:39:27.403      front   main  60891 5447743                  desk_rt.gl_view.port - Deleted
   info 2023-05-05 07:39:27.403      front   main  60891 5447743                          desk_rt.view - View deleted.
   info 2023-05-05 07:39:27.404      front   main  60891 5447743              base.prot.job_dispatcher - 0 undelivered packets.
   info 2023-05-05 07:39:27.404      front   timr  60891 5505093          base.signal.local.timer_impl - Timer wants to quit.
   info 2023-05-05 07:39:27.405      front   timr  60891 5505092          base.signal.local.timer_impl - Timer wants to quit.
   info 2023-05-05 08:16:33.403      front   main  60891 5447743                             url_query - append
   info 2023-05-05 08:16:33.403      front   main  60891 5447743                             url_query - append
   info 2023-05-05 08:16:33.403      front   main  60891 5447743                             url_query - append
  error 2023-05-05 08:16:33.495      front   main  60891 5447743         mac_app.helper_tool_interface - Global files not found.
   info 2023-05-05 08:16:38.130      front   main  60891 5447743                           AppDelegate - Nothing detected (0).
   info 2023-05-05 08:16:38.138      front   main  60891 5447743                      mac_app.frontend - Terminating the service
   info 2023-05-05 08:16:38.138      front   ctrl  60891 5447757                      mac_app.frontend - Frontend shutdown.
   info 2023-05-05 08:16:38.139       lsvc   main  60831 5446683   17                      app.service - Terminating the service.
   info 2023-05-05 08:16:38.140       lsvc   main  60831 5446683   17                  fiber.scheduler - Quitting scheduler (0).
   info 2023-05-05 08:16:38.141       lsvc   main  60831 5446683    1                      app.service - Process stop: 60891.
   info 2023-05-05 08:16:38.141       lsvc   main  60831 5446683    1           anynet.relay_connector - Short timeouts disabled.
   info 2023-05-05 08:16:38.141       lsvc   main  60831 5446683                       fiber.scheduler - Quitting all fibers.
   info 2023-05-05 08:16:38.143       lsvc   main  60831 5446683                       fiber.scheduler - Fiber 1 requested quit of fiber 2 'license_adapter' (parent: 1).
   info 2023-05-05 08:16:38.145      front   ctrl  60891 5447757                      mac_app.frontend - Frontend shutdown complete.
   info 2023-05-05 08:16:38.146       lsvc   main  60831 5446683    2                      fiber.fiber - Received quit.
   info 2023-05-05 08:16:38.146       lsvc   main  60831 5446683                       fiber.scheduler - Fiber 2 'license_adapter' (parent: 1) terminated.
   info 2023-05-05 08:16:38.146       lsvc   main  60831 5446683    4           anynet.main_relay_conn - Main relay connection closed.
   info 2023-05-05 08:16:38.155       lsvc   main  60831 5446683    4            anynet.connection_mgr - Forcing cleanup.
   info 2023-05-05 08:16:38.155       lsvc   main  60831 5446683                       fiber.scheduler - Fiber 4 'main_relay_conn' requested quit of fiber 15.
   info 2023-05-05 08:16:38.158       lsvc   main  60831 5446683    5              anynet.tcp_acceptor - Received quit.
   info 2023-05-05 08:16:38.168       lsvc   main  60831 5446683                       fiber.scheduler - Fiber 5 'tcp_acceptor' terminated.
   info 2023-05-05 08:16:38.169       lsvc   main  60831 5446683    6                anynet.any_socket - Listen fiber stopped.
   info 2023-05-05 08:16:38.169       lsvc   main  60831 5446683                       fiber.scheduler - Fiber 6 terminated.
   info 2023-05-05 08:16:38.170       lsvc   main  60831 5446683   14                      fiber.fiber - Received quit.
   info 2023-05-05 08:16:38.170       lsvc   main  60831 5446683                       fiber.scheduler - Fiber 14 terminated.
   info 2023-05-05 08:16:38.170       lsvc   main  60831 5446683   15                      fiber.fiber - Received quit.
   info 2023-05-05 08:16:38.170       lsvc   main  60831 5446683                       fiber.scheduler - Fiber 15 terminated.
   info 2023-05-05 08:16:38.172       lsvc   main  60831 5446683   16                    app.discovery - Left multicast group 239.255.102.18:50001.
   info 2023-05-05 08:16:38.172       lsvc   main  60831 5446683   16                    app.discovery - Discovery fiber stopped.
   info 2023-05-05 08:16:38.172       lsvc   main  60831 5446683                       fiber.scheduler - Fiber 16 'discovery' terminated.
   info 2023-05-05 08:16:38.173       lsvc   main  60831 5446683   30               app.online_monitor - Online state monitor stopped.
   info 2023-05-05 08:16:38.173       lsvc   main  60831 5446683                       fiber.scheduler - Fiber 30 'online_monitor' terminated.
   info 2023-05-05 08:16:38.173       lsvc   main  60831 5446683    3            anynet.connection_mgr - Connection manager fiber quit.
   info 2023-05-05 08:16:38.173       lsvc   main  60831 5446683                       fiber.scheduler - Fiber 3 'connection_mgr' terminated.
   info 2023-05-05 08:16:38.173       lsvc   main  60831 5446683    1                      app.service - Service shutdown.
   info 2023-05-05 08:16:38.186       lsvc   main  60831 5446683                       fiber.scheduler - Fiber 1 requested quit of fiber 7 'wol_service' (parent: 1).
   info 2023-05-05 08:16:38.262       lsvc   main  60831 5446683                       fiber.scheduler - Fiber 4 'main_relay_conn' terminated.
   info 2023-05-05 08:16:38.262       lsvc   main  60831 5446683    7                      fiber.fiber - Received quit.
   info 2023-05-05 08:16:38.262       lsvc   main  60831 5446683                       fiber.scheduler - Fiber 7 'wol_service' (parent: 1) terminated.
   info 2023-05-05 08:16:38.262       lsvc   main  60831 5446683                       fiber.scheduler - Fiber 1 requested quit of fiber 8 'invitation_service' (parent: 1).
   info 2023-05-05 08:16:38.263       lsvc   main  60831 5446683    8                      fiber.fiber - Received quit.
   info 2023-05-05 08:16:38.263       lsvc   main  60831 5446683                       fiber.scheduler - Fiber 8 'invitation_service' (parent: 1) terminated.
   info 2023-05-05 08:16:38.263       lsvc   main  60831 5446683                       fiber.scheduler - Fiber 1 requested quit of fiber 17 'ipc_connection' (parent: 1).
   info 2023-05-05 08:16:38.263       lsvc   main  60831 5446683                       fiber.scheduler - Fiber 17 'ipc_connection' (parent: 1) requested quit of fiber 18 'account_adapter' (parent: 17 'ipc_connection').
   info 2023-05-05 08:16:38.264       lsvc   main  60831 5446683   18                      fiber.fiber - Received quit.
   info 2023-05-05 08:16:38.264       lsvc   main  60831 5446683                       fiber.scheduler - Fiber 18 'account_adapter' (parent: 17 'ipc_connection') terminated.
   info 2023-05-05 08:16:39.191       lsvc   main  60831 5446683   17                      app.service - Fiber exit (ipc).
   info 2023-05-05 08:16:39.191       lsvc   main  60831 5446683                       fiber.scheduler - Fiber 17 'ipc_connection' (parent: 1) terminated.
   info 2023-05-05 08:16:39.192       lsvc   main  60831 5446683    1            anynet.connection_mgr - Connection manager shutdown.
   info 2023-05-05 08:16:39.192       lsvc   main  60831 5446683    1                  fiber.scheduler - Quitting scheduler (0).
   info 2023-05-05 08:16:39.192       lsvc   main  60831 5446683                       fiber.scheduler - Fiber 1 terminated.
   info 2023-05-05 08:16:39.192       lsvc   main  60831 5446683                       fiber.scheduler - All fibers terminated.
   info 2023-05-05 08:16:39.192       lsvc   main  60831 5446683                       fiber.scheduler - Scheduler stopped (0).
   info 2023-05-05 08:16:39.196       lsvc   main  60831 5446683                      main.run_service - Exiting
 * * * * * * * * * * * * * * * * * *
   info 2023-05-17 08:13:52.222      front   main  14864 170032                                  main - * AnyDesk MAC Startup *
   info 2023-05-17 08:13:52.223      front   main  14864 170032                                  main - * Version 7.0.1 (mac_release_7.0.1 7920a93bbfda05e2897f5a97c7a8ce848c49d4f3)
   info 2023-05-17 08:13:52.223      front   main  14864 170032                                  main - * Build 20230123180253
   info 2023-05-17 08:13:52.223      front   main  14864 170032                                  main - * Prefix ad
   info 2023-05-17 08:13:52.237      front   main  14864 170032                                  main - * OS Version 13.2.1 (Build 22D68)
   info 2023-05-17 08:13:52.237      front   main  14864 170032                                  main - * Launch path /Applications/AnyDesk.app
   info 2023-05-17 08:13:52.237      front   main  14864 170032                                  main - * Copyright (C) AnyDesk Software GmbH *
   info 2023-05-17 08:13:52.237      front   main  14864 170032                                  main - 
   info 2023-05-17 08:13:52.237      front   main  14864 170032                                  main - ppid: 1 uid: 501
   info 2023-05-17 08:13:52.237      front   main  14864 170032                                  main - process maxfiles 256 : -1
   info 2023-05-17 08:13:52.237      front   main  14864 170032                                  main - raising RLIMIT_NOFILE to 10240
   info 2023-05-17 08:13:52.237      front   main  14864 170032                         impl_selector - using neon
  error 2023-05-17 08:13:52.297      front   main  14864 170032         mac_app.helper_tool_interface - Global files not found.
   info 2023-05-17 08:13:52.298      front   main  14864 170032                   fiber.ipc_namespace - Global: no
   info 2023-05-17 08:13:52.298      front   main  14864 170032                           AppDelegate - Starting a local service.
warning 2023-05-17 08:13:52.299      front   main  14864 170032                   fiber.ipc_namespace - Local namespace without service.
 * * * * * * * * * * * * * * * * * *
   info 2023-05-17 08:13:52.306       lsvc   main  14866 170072                                  main - * AnyDesk MAC Startup *
   info 2023-05-17 08:13:52.306       lsvc   main  14866 170072                                  main - * Version 7.0.1 (mac_release_7.0.1 7920a93bbfda05e2897f5a97c7a8ce848c49d4f3)
   info 2023-05-17 08:13:52.306       lsvc   main  14866 170072                                  main - * Build 20230123180253
   info 2023-05-17 08:13:52.306       lsvc   main  14866 170072                                  main - * Prefix ad
   info 2023-05-17 08:13:52.307       lsvc   main  14866 170072                                  main - * OS Version 13.2.1 (Build 22D68)
   info 2023-05-17 08:13:52.307       lsvc   main  14866 170072                                  main - * Launch path /Applications/AnyDesk.app
   info 2023-05-17 08:13:52.307       lsvc   main  14866 170072                                  main - * Copyright (C) AnyDesk Software GmbH *
   info 2023-05-17 08:13:52.307       lsvc   main  14866 170072                                  main - 
   info 2023-05-17 08:13:52.307       lsvc   main  14866 170072                                  main - ppid: 14864 uid: 501
   info 2023-05-17 08:13:52.307       lsvc   main  14866 170072                                  main - process maxfiles 10240 : -1
   info 2023-05-17 08:13:52.307       lsvc   main  14866 170072                         impl_selector - using neon
   info 2023-05-17 08:13:52.308       lsvc   main  14866 170072                       app.common_path - initialized user = /Users/patcharapongpuinongpoo/.anydesk, system = /Users/patcharapongpuinongpoo/.anydesk
   info 2023-05-17 08:13:52.308       lsvc   main  14866 170072                      main.run_service - Starting local service.
   info 2023-05-17 08:13:52.309       lsvc   main  14866 170072          base.data.config_application - Adding GPO defaults layer.
   info 2023-05-17 08:13:52.309       lsvc   main  14866 170072          base.data.config_application - Adding GPO overrides layer.
   info 2023-05-17 08:13:52.310       lsvc   main  14866 170072                               app.mdm - Loaded 0/102 MDM overrides
   info 2023-05-17 08:13:52.310       lsvc   main  14866 170072                               app.mdm - Loaded 0/102 MDM overrides
   info 2023-05-17 08:13:52.313       lsvc   main  14866 170072                       fiber.scheduler - Spawning root fiber 1.
   info 2023-05-17 08:13:52.313       lsvc   main  14866 170072                       fiber.scheduler - Scheduler started.
   info 2023-05-17 08:13:52.314       lsvc   main  14866 170072    1                      app.service - Opening the IPC namespace.
   info 2023-05-17 08:13:52.314       lsvc   main  14866 170072    1              fiber.ipc_namespace - Global: no
   info 2023-05-17 08:13:52.314       lsvc   main  14866 170072    1                      app.service - Logging into the IPC namespace.
   info 2023-05-17 08:13:52.314       lsvc   main  14866 170072    1                  fiber.scheduler - Spawning child fiber 2 'license_adapter' (parent: 1).
   info 2023-05-17 08:13:52.314       lsvc   main  14866 170072    1                      app.service - Starting to supervise the IPC namespace.
   info 2023-05-17 08:13:52.314       lsvc   main  14866 170072    1                      app.service - Starting the connector.
   info 2023-05-17 08:13:52.314       lsvc   main  14866 170072    1            anynet.connection_mgr - Importing certificate and key.
   info 2023-05-17 08:13:52.316       lsvc   main  14866 170072    1            anynet.connection_mgr - 2 CA certificate(s) loaded.
   info 2023-05-17 08:13:52.316       lsvc   main  14866 170072    1                  fiber.scheduler - Spawning root fiber 3 'connection_mgr'.
   info 2023-05-17 08:13:52.317       lsvc   main  14866 170072    1                  fiber.scheduler - Spawning root fiber 4 'main_relay_conn'.
   info 2023-05-17 08:13:52.317       lsvc   main  14866 170072    1                  fiber.scheduler - Spawning root fiber 5 'tcp_acceptor'.
   info 2023-05-17 08:13:52.317       lsvc   main  14866 170072    1                      app.service - Setting up the listen sockets.
   info 2023-05-17 08:13:52.318       lsvc   main  14866 170072    1                  fiber.scheduler - Spawning root fiber 6.
   info 2023-05-17 08:13:52.318       lsvc   main  14866 170072    1                      app.service - Service startup completed.
   info 2023-05-17 08:13:52.318       lsvc   main  14866 170072    1            app.discovery_manager - Updated Discovery settings: repeat interval (1000), repeat limit (10), buffer interval (5000), port range (3)
   info 2023-05-17 08:13:52.319       lsvc   main  14866 170072    1            app.discovery_manager - Starting Discovery.
   info 2023-05-17 08:13:52.319       lsvc   main  14866 170072    1                   ad.wol_service - Starting WOL service.
   info 2023-05-17 08:13:52.319       lsvc   main  14866 170072    1                  fiber.scheduler - Spawning child fiber 7 'wol_service' (parent: 1).
   info 2023-05-17 08:13:52.319       lsvc   main  14866 170072    1               statistics_service - cid changed - resetting consents for the system.
   info 2023-05-17 08:13:52.320       lsvc   main  14866 170072    1                  fiber.scheduler - Spawning child fiber 8 'invitation_service' (parent: 1).
   info 2023-05-17 08:13:52.320       lsvc   main  14866 170072    1                      app.service - Waiting for messages.
   info 2023-05-17 08:13:52.320       lsvc   main  14866 170072    3            anynet.connection_mgr - Starting connection manager fiber.
   info 2023-05-17 08:13:52.320       lsvc   main  14866 170072    4           anynet.main_relay_conn - Starting main relay connection.
   info 2023-05-17 08:13:52.320       lsvc   main  14866 170072    4                  fiber.scheduler - Spawning child fiber 9 'relay_connector' (parent: 4 'main_relay_conn').
   info 2023-05-17 08:13:52.320       lsvc   main  14866 170072    5              anynet.tcp_acceptor - Listening on TCP port 7070.
   info 2023-05-17 08:13:52.320       lsvc   main  14866 170072    6                anynet.any_socket - Listen fiber started.
   info 2023-05-17 08:13:52.321       lsvc   main  14866 170072    7                      anynet.conn - Request before connect. Queueing.
   info 2023-05-17 08:13:52.321       lsvc   main  14866 170072    9           anynet.relay_connector - Relay connector started.
   info 2023-05-17 08:13:52.321       lsvc   main  14866 170072    9           anynet.relay_connector - Start proxy search.
   info 2023-05-17 08:13:52.322       lsvc   main  14866 170072    9           anynet.relay_connector - Connecting to relay relay-4cd09a66.net.anydesk.com (1/2)
   info 2023-05-17 08:13:52.322       lsvc   main  14866 170072    9           anynet.relay_connector - Skipping connect method connect_proxy_443 (1/6) (no proxy found)
   info 2023-05-17 08:13:52.322       lsvc   main  14866 170072    9           anynet.relay_connector - Skipping connect method connect_proxy_80 (2/6) (no proxy found)
   info 2023-05-17 08:13:52.322       lsvc   main  14866 170072    9           anynet.relay_connector - Skipping connect method socks_proxy_443 (3/6) (no proxy found)
   info 2023-05-17 08:13:52.335       lsvc   main  14866 170072    9           anynet.relay_connector - Using IPv4: 203.27.106.11
   info 2023-05-17 08:13:52.368       lsvc   main  14866 170072    9                  fiber.scheduler - Spawning root fiber 10.
   info 2023-05-17 08:13:52.399      front   main  14864 170032                       app.common_path - initialized user = /Users/patcharapongpuinongpoo/.anydesk, system = /Users/patcharapongpuinongpoo/.anydesk
   info 2023-05-17 08:13:52.400      front   main  14864 170032                           AppDelegate - Starting frontend (6).
   info 2023-05-17 08:13:52.400      front   main  14864 170032          base.data.config_application - Adding GPO defaults layer.
   info 2023-05-17 08:13:52.400      front   main  14864 170032          base.data.config_application - Adding GPO overrides layer.
   info 2023-05-17 08:13:52.400      front   main  14864 170032                               app.mdm - Loaded 0/102 MDM overrides
   info 2023-05-17 08:13:52.401      front   main  14864 170032                               app.mdm - Loaded 0/102 MDM overrides
   info 2023-05-17 08:13:52.401      front   main  14864 170032                           gui.gui_app - DPI scaling: 2.00 / 2.00
   info 2023-05-17 08:13:52.401      front   main  14864 170032                           gui.gui_app - Using high-resolution bitmaps.
warning 2023-05-17 08:13:52.403      front   main  14864 170032                          account_info - Could not read account info from config.
warning 2023-05-17 08:13:52.403      front   main  14864 170032                          account_info - Could not read account info from config.
   info 2023-05-17 08:13:52.403      front   main  14864 170032                       base.signal.hub - 4 threads.
   info 2023-05-17 08:13:52.426      front   timr  14864 170092          base.signal.local.timer_impl - Initialized master timer.
   info 2023-05-17 08:13:52.426      front   ctrl  14864 170093                      mac_app.frontend - Frontend startup.
   info 2023-05-17 08:13:52.426      front   ctrl  14864 170093                      mac_app.frontend - Logging the frontend in.
   info 2023-05-17 08:13:52.426       lsvc   main  14866 170072    1                      app.service - Process start: 14864 (frontend).
   info 2023-05-17 08:13:52.427       lsvc   main  14866 170072    1           anynet.relay_connector - Short timeouts enabled.
   info 2023-05-17 08:13:52.438       lsvc   main  14866 170072    1                      app.service - New IPC connection.
   info 2023-05-17 08:13:52.438       lsvc   main  14866 170072    1                  fiber.scheduler - Spawning child fiber 11 'ipc_connection' (parent: 1).
   info 2023-05-17 08:13:52.438       lsvc   main  14866 170072   11                      app.service - Creating an IPC accept socket.
   info 2023-05-17 08:13:52.438       lsvc   main  14866 170072   11                      app.service - Connected to 14864 (frontend).
   info 2023-05-17 08:13:52.438       lsvc   main  14866 170072   11                      app.service - Process login detected.
warning 2023-05-17 08:13:52.439      front   wrk1  14864 170095                                   sif - Dropping out of date license response.
   info 2023-05-17 08:13:52.439       lsvc   main  14866 170072   11                  fiber.scheduler - Spawning child fiber 12 'account_adapter' (parent: 11 'ipc_connection').
   info 2023-05-17 08:13:52.439      front   wrk2  14864 170096                               app.mdm - Loaded 0/102 MDM overrides
   info 2023-05-17 08:13:52.439       lsvc   main  14866 170072   11                      app.service - 5 Unexpected: packet_msg_t.
   info 2023-05-17 08:13:52.443       lsvc   main  14866 170072    9           anynet.relay_connector - Cipher: ECDHE-ECDSA-AES256-GCM-SHA384 TLSv1.2 Kx=ECDH Au=ECDSA Enc=AESGCM(256) Mac=AEAD
   info 2023-05-17 08:13:52.443       lsvc   main  14866 170072    9                  fiber.scheduler - Spawning root fiber 13.
   info 2023-05-17 08:13:52.445      front   ctrl  14864 170093                     base.monitor_info - 1 active monitor(s) found.
   info 2023-05-17 08:13:52.450       lsvc   main  14866 170072    9                        handshake - Using protocol version 3.
   info 2023-05-17 08:13:52.523      front   main  14864 170032                             url_query - append
   info 2023-05-17 08:13:52.523      front   main  14864 170032                             url_query - append
   info 2023-05-17 08:13:52.523      front   main  14864 170032                             url_query - append
  error 2023-05-17 08:13:52.569      front   main  14864 170032         mac_app.helper_tool_interface - Global files not found.
   info 2023-05-17 08:13:52.570       lsvc   main  14866 170072   11                  fiber.scheduler - Spawning root fiber 14 'online_monitor'.
   info 2023-05-17 08:13:52.570       lsvc   main  14866 170072   14               app.online_monitor - Online state monitor started.
   info 2023-05-17 08:13:52.570       lsvc   main  14866 170072   14                      anynet.conn - Request before connect. Queueing.
   info 2023-05-17 08:13:52.667       lsvc   main  14866 170072                       fiber.scheduler - Fiber 9 'relay_connector' (parent: 4 'main_relay_conn') requested quit of fiber 13.
   info 2023-05-17 08:13:52.667       lsvc   main  14866 170072   13                      fiber.fiber - Received quit.
   info 2023-05-17 08:13:52.667       lsvc   main  14866 170072                       fiber.scheduler - Fiber 13 terminated.
   info 2023-05-17 08:13:52.667       lsvc   main  14866 170072                       fiber.scheduler - Fiber 9 'relay_connector' (parent: 4 'main_relay_conn') requested quit of fiber 10.
   info 2023-05-17 08:13:52.667       lsvc   main  14866 170072   10                      fiber.fiber - Received quit.
   info 2023-05-17 08:13:52.667       lsvc   main  14866 170072                       fiber.scheduler - Fiber 10 terminated.
  error 2023-05-17 08:13:52.668       lsvc   main  14866 170072    9           anynet.relay_connector - Connection terminated: anynet_overload
  error 2023-05-17 08:13:52.668       lsvc   main  14866 170072    9           anynet.relay_connector - Connection failed (anynet_overload)
   info 2023-05-17 08:13:52.669       lsvc   main  14866 170072    9           anynet.relay_connector - Using IPv4: 203.27.106.11
   info 2023-05-17 08:13:52.676       lsvc   main  14866 170072    9                  fiber.scheduler - Spawning root fiber 15.
   info 2023-05-17 08:13:52.787       lsvc   main  14866 170072    9           anynet.relay_connector - Cipher: ECDHE-ECDSA-AES256-GCM-SHA384 TLSv1.2 Kx=ECDH Au=ECDSA Enc=AESGCM(256) Mac=AEAD
   info 2023-05-17 08:13:52.787       lsvc   main  14866 170072    9                  fiber.scheduler - Spawning root fiber 16.
   info 2023-05-17 08:13:52.794       lsvc   main  14866 170072    9                        handshake - Using protocol version 3.
   info 2023-05-17 08:13:53.028       lsvc   main  14866 170072                       fiber.scheduler - Fiber 9 'relay_connector' (parent: 4 'main_relay_conn') requested quit of fiber 16.
   info 2023-05-17 08:13:53.029       lsvc   main  14866 170072   16                      fiber.fiber - Received quit.
   info 2023-05-17 08:13:53.029       lsvc   main  14866 170072                       fiber.scheduler - Fiber 16 terminated.
   info 2023-05-17 08:13:53.029       lsvc   main  14866 170072                       fiber.scheduler - Fiber 9 'relay_connector' (parent: 4 'main_relay_conn') requested quit of fiber 15.
   info 2023-05-17 08:13:53.029       lsvc   main  14866 170072   15                      fiber.fiber - Received quit.
   info 2023-05-17 08:13:53.029       lsvc   main  14866 170072                       fiber.scheduler - Fiber 15 terminated.
  error 2023-05-17 08:13:53.029       lsvc   main  14866 170072    9           anynet.relay_connector - Connection terminated: anynet_overload
  error 2023-05-17 08:13:53.029       lsvc   main  14866 170072    9           anynet.relay_connector - Connection failed (anynet_overload)
   info 2023-05-17 08:13:53.031       lsvc   main  14866 170072    9           anynet.relay_connector - Using IPv4: 203.27.106.11
   info 2023-05-17 08:13:53.067       lsvc   main  14866 170072    9                  fiber.scheduler - Spawning root fiber 17.
   info 2023-05-17 08:13:53.154       lsvc   main  14866 170072    9           anynet.relay_connector - Cipher: ECDHE-ECDSA-AES256-GCM-SHA384 TLSv1.2 Kx=ECDH Au=ECDSA Enc=AESGCM(256) Mac=AEAD
   info 2023-05-17 08:13:53.154       lsvc   main  14866 170072    9                  fiber.scheduler - Spawning root fiber 18.
   info 2023-05-17 08:13:53.157       lsvc   main  14866 170072    9                        handshake - Using protocol version 3.
   info 2023-05-17 08:13:53.387       lsvc   main  14866 170072                       fiber.scheduler - Fiber 9 'relay_connector' (parent: 4 'main_relay_conn') requested quit of fiber 18.
   info 2023-05-17 08:13:53.387       lsvc   main  14866 170072   18                      fiber.fiber - Received quit.
   info 2023-05-17 08:13:53.387       lsvc   main  14866 170072                       fiber.scheduler - Fiber 18 terminated.
   info 2023-05-17 08:13:53.387       lsvc   main  14866 170072                       fiber.scheduler - Fiber 9 'relay_connector' (parent: 4 'main_relay_conn') requested quit of fiber 17.
   info 2023-05-17 08:13:53.387       lsvc   main  14866 170072   17                      fiber.fiber - Received quit.
   info 2023-05-17 08:13:53.387       lsvc   main  14866 170072                       fiber.scheduler - Fiber 17 terminated.
  error 2023-05-17 08:13:53.387       lsvc   main  14866 170072    9           anynet.relay_connector - Connection terminated: anynet_overload
  error 2023-05-17 08:13:53.387       lsvc   main  14866 170072    9           anynet.relay_connector - Connection failed (anynet_overload)
   info 2023-05-17 08:13:53.387       lsvc   main  14866 170072    9           anynet.relay_connector - Connecting to relay boot.net.anydesk.com (2/2)
   info 2023-05-17 08:13:53.388       lsvc   main  14866 170072    9           anynet.relay_connector - Skipping connect method connect_proxy_443 (1/6) (no proxy found)
   info 2023-05-17 08:13:53.388       lsvc   main  14866 170072    9           anynet.relay_connector - Skipping connect method connect_proxy_80 (2/6) (no proxy found)
   info 2023-05-17 08:13:53.388       lsvc   main  14866 170072    9           anynet.relay_connector - Skipping connect method socks_proxy_443 (3/6) (no proxy found)
   info 2023-05-17 08:13:53.400       lsvc   main  14866 170072    9           anynet.relay_connector - Using IPv4: 141.95.145.210
   info 2023-05-17 08:13:53.586       lsvc   main  14866 170072    9                  fiber.scheduler - Spawning root fiber 19.
   info 2023-05-17 08:13:53.771       lsvc   main  14866 170072                       fiber.scheduler - Fiber 9 'relay_connector' (parent: 4 'main_relay_conn') requested quit of fiber 19.
   info 2023-05-17 08:13:53.771       lsvc   main  14866 170072   19                      fiber.fiber - Received quit.
   info 2023-05-17 08:13:53.771       lsvc   main  14866 170072                       fiber.scheduler - Fiber 19 terminated.
  error 2023-05-17 08:13:53.771       lsvc   main  14866 170072    9           anynet.relay_connector - Connection failed (errno_54)
   info 2023-05-17 08:13:53.773       lsvc   main  14866 170072    9           anynet.relay_connector - Using IPv4: 141.95.145.210
   info 2023-05-17 08:13:53.781       lsvc   main  14866 170072    9                  fiber.scheduler - Spawning root fiber 20.
   info 2023-05-17 08:13:54.145       lsvc   main  14866 170072                       fiber.scheduler - Fiber 9 'relay_connector' (parent: 4 'main_relay_conn') requested quit of fiber 20.
   info 2023-05-17 08:13:54.145       lsvc   main  14866 170072   20                      fiber.fiber - Received quit.
   info 2023-05-17 08:13:54.145       lsvc   main  14866 170072                       fiber.scheduler - Fiber 20 terminated.
  error 2023-05-17 08:13:54.145       lsvc   main  14866 170072    9           anynet.relay_connector - Connection failed (errno_54)
   info 2023-05-17 08:13:54.147       lsvc   main  14866 170072    9           anynet.relay_connector - Using IPv4: 141.95.145.210
   info 2023-05-17 08:13:54.334       lsvc   main  14866 170072    9                  fiber.scheduler - Spawning root fiber 21.
   info 2023-05-17 08:13:54.520       lsvc   main  14866 170072                       fiber.scheduler - Fiber 9 'relay_connector' (parent: 4 'main_relay_conn') requested quit of fiber 21.
   info 2023-05-17 08:13:54.520       lsvc   main  14866 170072   21                      fiber.fiber - Received quit.
   info 2023-05-17 08:13:54.520       lsvc   main  14866 170072                       fiber.scheduler - Fiber 21 terminated.
  error 2023-05-17 08:13:54.520       lsvc   main  14866 170072    9           anynet.relay_connector - Connection failed (errno_54)
   info 2023-05-17 08:13:54.520       lsvc   main  14866 170072    9           anynet.relay_connector - Could not establish a connection. Switching to boot relays.
   info 2023-05-17 08:13:54.520       lsvc   main  14866 170072    9           anynet.relay_connector - Waiting for 5661 msecs.
   info 2023-05-17 08:14:00.201       lsvc   main  14866 170072    9           anynet.relay_connector - Start proxy search.
   info 2023-05-17 08:14:00.202       lsvc   main  14866 170072    9           anynet.relay_connector - Connecting to relay boot.net.anydesk.com (1/1)
   info 2023-05-17 08:14:00.202       lsvc   main  14866 170072    9           anynet.relay_connector - Skipping connect method connect_proxy_443 (1/6) (no proxy found)
   info 2023-05-17 08:14:00.202       lsvc   main  14866 170072    9           anynet.relay_connector - Skipping connect method connect_proxy_80 (2/6) (no proxy found)
   info 2023-05-17 08:14:00.202       lsvc   main  14866 170072    9           anynet.relay_connector - Skipping connect method socks_proxy_443 (3/6) (no proxy found)
   info 2023-05-17 08:14:00.207       lsvc   main  14866 170072    9           anynet.relay_connector - Using IPv4: 141.95.145.210
   info 2023-05-17 08:14:00.395       lsvc   main  14866 170072    9                  fiber.scheduler - Spawning root fiber 22.
   info 2023-05-17 08:14:00.583       lsvc   main  14866 170072                       fiber.scheduler - Fiber 9 'relay_connector' (parent: 4 'main_relay_conn') requested quit of fiber 22.
   info 2023-05-17 08:14:00.583       lsvc   main  14866 170072   22                      fiber.fiber - Received quit.
   info 2023-05-17 08:14:00.583       lsvc   main  14866 170072                       fiber.scheduler - Fiber 22 terminated.
  error 2023-05-17 08:14:00.583       lsvc   main  14866 170072    9           anynet.relay_connector - Connection failed (errno_54)
   info 2023-05-17 08:14:00.585       lsvc   main  14866 170072    9           anynet.relay_connector - Using IPv4: 141.95.145.210
   info 2023-05-17 08:14:00.593       lsvc   main  14866 170072    9                  fiber.scheduler - Spawning root fiber 23.
   info 2023-05-17 08:14:01.178       lsvc   main  14866 170072    9           anynet.relay_connector - Cipher: ECDHE-ECDSA-AES256-GCM-SHA384 TLSv1.2 Kx=ECDH Au=ECDSA Enc=AESGCM(256) Mac=AEAD
   info 2023-05-17 08:14:01.178       lsvc   main  14866 170072    9                  fiber.scheduler - Spawning root fiber 24.
   info 2023-05-17 08:14:01.185       lsvc   main  14866 170072    9                        handshake - Using protocol version 3.
   info 2023-05-17 08:14:01.378       lsvc   main  14866 170072                       fiber.scheduler - Fiber 9 'relay_connector' (parent: 4 'main_relay_conn') requested quit of fiber 24.
   info 2023-05-17 08:14:01.378       lsvc   main  14866 170072   24                      fiber.fiber - Received quit.
   info 2023-05-17 08:14:01.378       lsvc   main  14866 170072                       fiber.scheduler - Fiber 24 terminated.
   info 2023-05-17 08:14:01.378       lsvc   main  14866 170072                       fiber.scheduler - Fiber 9 'relay_connector' (parent: 4 'main_relay_conn') requested quit of fiber 23.
   info 2023-05-17 08:14:01.378       lsvc   main  14866 170072   23                      fiber.fiber - Received quit.
   info 2023-05-17 08:14:01.378       lsvc   main  14866 170072                       fiber.scheduler - Fiber 23 terminated.
   info 2023-05-17 08:14:01.379       lsvc   main  14866 170072    9           anynet.relay_connector - Connection terminated: anynet_invalid_zone
   info 2023-05-17 08:14:01.379       lsvc   main  14866 170072    9           anynet.relay_connector - Received a new server list (10 servers)
   info 2023-05-17 08:14:01.379       lsvc   main  14866 170072    9           anynet.relay_connector - Connecting to relay relay-fa254a03.net.anydesk.com (1/10)
   info 2023-05-17 08:14:01.379       lsvc   main  14866 170072    9           anynet.relay_connector - Skipping connect method connect_proxy_443 (1/6) (no proxy found)
   info 2023-05-17 08:14:01.379       lsvc   main  14866 170072    9           anynet.relay_connector - Skipping connect method connect_proxy_80 (2/6) (no proxy found)
   info 2023-05-17 08:14:01.379       lsvc   main  14866 170072    9           anynet.relay_connector - Skipping connect method socks_proxy_443 (3/6) (no proxy found)
   info 2023-05-17 08:14:01.389       lsvc   main  14866 170072    9           anynet.relay_connector - Using IPv4: 92.223.85.54
   info 2023-05-17 08:14:01.425       lsvc   main  14866 170072    9                  fiber.scheduler - Spawning root fiber 25.
   info 2023-05-17 08:14:01.509       lsvc   main  14866 170072    9           anynet.relay_connector - Cipher: ECDHE-ECDSA-AES256-GCM-SHA384 TLSv1.2 Kx=ECDH Au=ECDSA Enc=AESGCM(256) Mac=AEAD
   info 2023-05-17 08:14:01.509       lsvc   main  14866 170072    9                  fiber.scheduler - Spawning root fiber 26.
   info 2023-05-17 08:14:01.511       lsvc   main  14866 170072    9                        handshake - Using protocol version 3.
   info 2023-05-17 08:14:01.771       lsvc   main  14866 170072                       fiber.scheduler - Fiber 9 'relay_connector' (parent: 4 'main_relay_conn') requested quit of fiber 26.
   info 2023-05-17 08:14:01.771       lsvc   main  14866 170072   26                      fiber.fiber - Received quit.
   info 2023-05-17 08:14:01.771       lsvc   main  14866 170072                       fiber.scheduler - Fiber 26 terminated.
   info 2023-05-17 08:14:01.771       lsvc   main  14866 170072                       fiber.scheduler - Fiber 9 'relay_connector' (parent: 4 'main_relay_conn') requested quit of fiber 25.
   info 2023-05-17 08:14:01.771       lsvc   main  14866 170072   25                      fiber.fiber - Received quit.
   info 2023-05-17 08:14:01.771       lsvc   main  14866 170072                       fiber.scheduler - Fiber 25 terminated.
  error 2023-05-17 08:14:01.772       lsvc   main  14866 170072    9           anynet.relay_connector - Connection terminated: anynet_overload
  error 2023-05-17 08:14:01.772       lsvc   main  14866 170072    9           anynet.relay_connector - Connection failed (anynet_overload)
   info 2023-05-17 08:14:01.773       lsvc   main  14866 170072    9           anynet.relay_connector - Using IPv4: 92.223.85.54
   info 2023-05-17 08:14:01.782       lsvc   main  14866 170072    9                  fiber.scheduler - Spawning root fiber 27.
   info 2023-05-17 08:14:01.902       lsvc   main  14866 170072    9           anynet.relay_connector - Cipher: ECDHE-ECDSA-AES256-GCM-SHA384 TLSv1.2 Kx=ECDH Au=ECDSA Enc=AESGCM(256) Mac=AEAD
   info 2023-05-17 08:14:01.902       lsvc   main  14866 170072    9                  fiber.scheduler - Spawning root fiber 28.
   info 2023-05-17 08:14:01.910       lsvc   main  14866 170072    9                        handshake - Using protocol version 3.
   info 2023-05-17 08:14:02.181       lsvc   main  14866 170072                       fiber.scheduler - Fiber 9 'relay_connector' (parent: 4 'main_relay_conn') requested quit of fiber 28.
   info 2023-05-17 08:14:02.181       lsvc   main  14866 170072   28                      fiber.fiber - Received quit.
   info 2023-05-17 08:14:02.181       lsvc   main  14866 170072                       fiber.scheduler - Fiber 28 terminated.
   info 2023-05-17 08:14:02.182       lsvc   main  14866 170072                       fiber.scheduler - Fiber 9 'relay_connector' (parent: 4 'main_relay_conn') requested quit of fiber 27.
   info 2023-05-17 08:14:02.182       lsvc   main  14866 170072   27                      fiber.fiber - Received quit.
   info 2023-05-17 08:14:02.182       lsvc   main  14866 170072                       fiber.scheduler - Fiber 27 terminated.
  error 2023-05-17 08:14:02.182       lsvc   main  14866 170072    9           anynet.relay_connector - Connection terminated: anynet_overload
  error 2023-05-17 08:14:02.182       lsvc   main  14866 170072    9           anynet.relay_connector - Connection failed (anynet_overload)
   info 2023-05-17 08:14:02.184       lsvc   main  14866 170072    9           anynet.relay_connector - Using IPv4: 92.223.85.54
   info 2023-05-17 08:14:02.220       lsvc   main  14866 170072    9                  fiber.scheduler - Spawning root fiber 29.
   info 2023-05-17 08:14:02.310       lsvc   main  14866 170072    9           anynet.relay_connector - Cipher: ECDHE-ECDSA-AES256-GCM-SHA384 TLSv1.2 Kx=ECDH Au=ECDSA Enc=AESGCM(256) Mac=AEAD
   info 2023-05-17 08:14:02.311       lsvc   main  14866 170072    9                  fiber.scheduler - Spawning root fiber 30.
   info 2023-05-17 08:14:02.312       lsvc   main  14866 170072    9                        handshake - Using protocol version 3.
warning 2023-05-17 08:14:02.322       lsvc   main  14866 170072    7                      anynet.conn - Request timeout.
  error 2023-05-17 08:14:02.322       lsvc   main  14866 170072    7                   ad.wol_service - Could not update WOL information about this machine. WOL might not work. (result_timeout)
   info 2023-05-17 08:14:02.538       lsvc   main  14866 170072                       fiber.scheduler - Fiber 9 'relay_connector' (parent: 4 'main_relay_conn') requested quit of fiber 30.
   info 2023-05-17 08:14:02.538       lsvc   main  14866 170072   30                      fiber.fiber - Received quit.
   info 2023-05-17 08:14:02.538       lsvc   main  14866 170072                       fiber.scheduler - Fiber 30 terminated.
   info 2023-05-17 08:14:02.538       lsvc   main  14866 170072                       fiber.scheduler - Fiber 9 'relay_connector' (parent: 4 'main_relay_conn') requested quit of fiber 29.
   info 2023-05-17 08:14:02.539       lsvc   main  14866 170072   29                      fiber.fiber - Received quit.
   info 2023-05-17 08:14:02.539       lsvc   main  14866 170072                       fiber.scheduler - Fiber 29 terminated.
  error 2023-05-17 08:14:02.539       lsvc   main  14866 170072    9           anynet.relay_connector - Connection terminated: anynet_overload
  error 2023-05-17 08:14:02.539       lsvc   main  14866 170072    9           anynet.relay_connector - Connection failed (anynet_overload)
   info 2023-05-17 08:14:02.539       lsvc   main  14866 170072    9           anynet.relay_connector - Connecting to relay relay-ba5d50f3.net.anydesk.com (2/10)
   info 2023-05-17 08:14:02.539       lsvc   main  14866 170072    9           anynet.relay_connector - Skipping connect method connect_proxy_443 (1/6) (no proxy found)
   info 2023-05-17 08:14:02.539       lsvc   main  14866 170072    9           anynet.relay_connector - Skipping connect method connect_proxy_80 (2/6) (no proxy found)
   info 2023-05-17 08:14:02.539       lsvc   main  14866 170072    9           anynet.relay_connector - Skipping connect method socks_proxy_443 (3/6) (no proxy found)
   info 2023-05-17 08:14:02.549       lsvc   main  14866 170072    9           anynet.relay_connector - Using IPv4: 143.244.33.72
   info 2023-05-17 08:14:02.582       lsvc   main  14866 170072    9                  fiber.scheduler - Spawning root fiber 31.
   info 2023-05-17 08:14:02.666       lsvc   main  14866 170072    9           anynet.relay_connector - Cipher: ECDHE-ECDSA-AES256-GCM-SHA384 TLSv1.2 Kx=ECDH Au=ECDSA Enc=AESGCM(256) Mac=AEAD
   info 2023-05-17 08:14:02.666       lsvc   main  14866 170072    9                  fiber.scheduler - Spawning root fiber 32.
   info 2023-05-17 08:14:02.668       lsvc   main  14866 170072    9                        handshake - Using protocol version 3.
   info 2023-05-17 08:14:02.946       lsvc   main  14866 170072                       fiber.scheduler - Fiber 9 'relay_connector' (parent: 4 'main_relay_conn') requested quit of fiber 32.
   info 2023-05-17 08:14:02.946       lsvc   main  14866 170072   32                      fiber.fiber - Received quit.
   info 2023-05-17 08:14:02.946       lsvc   main  14866 170072                       fiber.scheduler - Fiber 32 terminated.
   info 2023-05-17 08:14:02.946       lsvc   main  14866 170072                       fiber.scheduler - Fiber 9 'relay_connector' (parent: 4 'main_relay_conn') requested quit of fiber 31.
   info 2023-05-17 08:14:02.946       lsvc   main  14866 170072   31                      fiber.fiber - Received quit.
   info 2023-05-17 08:14:02.946       lsvc   main  14866 170072                       fiber.scheduler - Fiber 31 terminated.
  error 2023-05-17 08:14:02.946       lsvc   main  14866 170072    9           anynet.relay_connector - Connection terminated: anynet_overload
  error 2023-05-17 08:14:02.946       lsvc   main  14866 170072    9           anynet.relay_connector - Connection failed (anynet_overload)
   info 2023-05-17 08:14:02.948       lsvc   main  14866 170072    9           anynet.relay_connector - Using IPv4: 143.244.33.72
   info 2023-05-17 08:14:02.956       lsvc   main  14866 170072    9                  fiber.scheduler - Spawning root fiber 33.
   info 2023-05-17 08:14:03.069       lsvc   main  14866 170072    9           anynet.relay_connector - Cipher: ECDHE-ECDSA-AES256-GCM-SHA384 TLSv1.2 Kx=ECDH Au=ECDSA Enc=AESGCM(256) Mac=AEAD
   info 2023-05-17 08:14:03.069       lsvc   main  14866 170072    9                  fiber.scheduler - Spawning root fiber 34.
   info 2023-05-17 08:14:03.077       lsvc   main  14866 170072    9                        handshake - Using protocol version 3.
   info 2023-05-17 08:14:03.363       lsvc   main  14866 170072                       fiber.scheduler - Fiber 9 'relay_connector' (parent: 4 'main_relay_conn') requested quit of fiber 34.
   info 2023-05-17 08:14:03.363       lsvc   main  14866 170072   34                      fiber.fiber - Received quit.
   info 2023-05-17 08:14:03.363       lsvc   main  14866 170072                       fiber.scheduler - Fiber 34 terminated.
   info 2023-05-17 08:14:03.363       lsvc   main  14866 170072                       fiber.scheduler - Fiber 9 'relay_connector' (parent: 4 'main_relay_conn') requested quit of fiber 33.
   info 2023-05-17 08:14:03.363       lsvc   main  14866 170072   33                      fiber.fiber - Received quit.
   info 2023-05-17 08:14:03.363       lsvc   main  14866 170072                       fiber.scheduler - Fiber 33 terminated.
  error 2023-05-17 08:14:03.364       lsvc   main  14866 170072    9           anynet.relay_connector - Connection terminated: anynet_overload
  error 2023-05-17 08:14:03.364       lsvc   main  14866 170072    9           anynet.relay_connector - Connection failed (anynet_overload)
   info 2023-05-17 08:14:03.366       lsvc   main  14866 170072    9           anynet.relay_connector - Using IPv4: 143.244.33.72
   info 2023-05-17 08:14:03.403       lsvc   main  14866 170072    9                  fiber.scheduler - Spawning root fiber 35.
   info 2023-05-17 08:14:03.488       lsvc   main  14866 170072    9           anynet.relay_connector - Cipher: ECDHE-ECDSA-AES256-GCM-SHA384 TLSv1.2 Kx=ECDH Au=ECDSA Enc=AESGCM(256) Mac=AEAD
   info 2023-05-17 08:14:03.489       lsvc   main  14866 170072    9                  fiber.scheduler - Spawning root fiber 36.
   info 2023-05-17 08:14:03.490       lsvc   main  14866 170072    9                        handshake - Using protocol version 3.
   info 2023-05-17 08:14:03.763       lsvc   main  14866 170072                       fiber.scheduler - Fiber 9 'relay_connector' (parent: 4 'main_relay_conn') requested quit of fiber 36.
   info 2023-05-17 08:14:03.763       lsvc   main  14866 170072   36                      fiber.fiber - Received quit.
   info 2023-05-17 08:14:03.763       lsvc   main  14866 170072                       fiber.scheduler - Fiber 36 terminated.
   info 2023-05-17 08:14:03.763       lsvc   main  14866 170072                       fiber.scheduler - Fiber 9 'relay_connector' (parent: 4 'main_relay_conn') requested quit of fiber 35.
   info 2023-05-17 08:14:03.763       lsvc   main  14866 170072   35                      fiber.fiber - Received quit.
   info 2023-05-17 08:14:03.763       lsvc   main  14866 170072                       fiber.scheduler - Fiber 35 terminated.
  error 2023-05-17 08:14:03.763       lsvc   main  14866 170072    9           anynet.relay_connector - Connection terminated: anynet_overload
  error 2023-05-17 08:14:03.764       lsvc   main  14866 170072    9           anynet.relay_connector - Connection failed (anynet_overload)
   info 2023-05-17 08:14:03.764       lsvc   main  14866 170072    9           anynet.relay_connector - Connecting to relay relay-09894831.net.anydesk.com (3/10)
   info 2023-05-17 08:14:03.764       lsvc   main  14866 170072    9           anynet.relay_connector - Skipping connect method connect_proxy_443 (1/6) (no proxy found)
   info 2023-05-17 08:14:03.764       lsvc   main  14866 170072    9           anynet.relay_connector - Skipping connect method connect_proxy_80 (2/6) (no proxy found)
   info 2023-05-17 08:14:03.764       lsvc   main  14866 170072    9           anynet.relay_connector - Skipping connect method socks_proxy_443 (3/6) (no proxy found)
   info 2023-05-17 08:14:03.778       lsvc   main  14866 170072    9           anynet.relay_connector - Using IPv4: 103.107.198.6
   info 2023-05-17 08:14:03.815       lsvc   main  14866 170072    9                  fiber.scheduler - Spawning root fiber 37.
   info 2023-05-17 08:14:03.903       lsvc   main  14866 170072    9           anynet.relay_connector - Cipher: ECDHE-ECDSA-AES256-GCM-SHA384 TLSv1.2 Kx=ECDH Au=ECDSA Enc=AESGCM(256) Mac=AEAD
   info 2023-05-17 08:14:03.903       lsvc   main  14866 170072    9                  fiber.scheduler - Spawning root fiber 38.
   info 2023-05-17 08:14:03.905       lsvc   main  14866 170072    9                        handshake - Using protocol version 3.
   info 2023-05-17 08:14:04.157       lsvc   main  14866 170072                       fiber.scheduler - Fiber 9 'relay_connector' (parent: 4 'main_relay_conn') requested quit of fiber 38.
   info 2023-05-17 08:14:04.157       lsvc   main  14866 170072   38                      fiber.fiber - Received quit.
   info 2023-05-17 08:14:04.157       lsvc   main  14866 170072                       fiber.scheduler - Fiber 38 terminated.
   info 2023-05-17 08:14:04.157       lsvc   main  14866 170072                       fiber.scheduler - Fiber 9 'relay_connector' (parent: 4 'main_relay_conn') requested quit of fiber 37.
   info 2023-05-17 08:14:04.157       lsvc   main  14866 170072   37                      fiber.fiber - Received quit.
   info 2023-05-17 08:14:04.157       lsvc   main  14866 170072                       fiber.scheduler - Fiber 37 terminated.
  error 2023-05-17 08:14:04.157       lsvc   main  14866 170072    9           anynet.relay_connector - Connection terminated: anynet_overload
  error 2023-05-17 08:14:04.157       lsvc   main  14866 170072    9           anynet.relay_connector - Connection failed (anynet_overload)
   info 2023-05-17 08:14:04.159       lsvc   main  14866 170072    9           anynet.relay_connector - Using IPv4: 103.107.198.6
   info 2023-05-17 08:14:04.168       lsvc   main  14866 170072    9                  fiber.scheduler - Spawning root fiber 39.
   info 2023-05-17 08:14:04.287       lsvc   main  14866 170072    9           anynet.relay_connector - Cipher: ECDHE-ECDSA-AES256-GCM-SHA384 TLSv1.2 Kx=ECDH Au=ECDSA Enc=AESGCM(256) Mac=AEAD
   info 2023-05-17 08:14:04.288       lsvc   main  14866 170072    9                  fiber.scheduler - Spawning root fiber 40.
   info 2023-05-17 08:14:04.295       lsvc   main  14866 170072    9                        handshake - Using protocol version 3.
   info 2023-05-17 08:14:04.514       lsvc   main  14866 170072                       fiber.scheduler - Fiber 9 'relay_connector' (parent: 4 'main_relay_conn') requested quit of fiber 40.
   info 2023-05-17 08:14:04.514       lsvc   main  14866 170072   40                      fiber.fiber - Received quit.
   info 2023-05-17 08:14:04.514       lsvc   main  14866 170072                       fiber.scheduler - Fiber 40 terminated.
   info 2023-05-17 08:14:04.514       lsvc   main  14866 170072                       fiber.scheduler - Fiber 9 'relay_connector' (parent: 4 'main_relay_conn') requested quit of fiber 39.
   info 2023-05-17 08:14:04.514       lsvc   main  14866 170072   39                      fiber.fiber - Received quit.
   info 2023-05-17 08:14:04.514       lsvc   main  14866 170072                       fiber.scheduler - Fiber 39 terminated.
  error 2023-05-17 08:14:04.515       lsvc   main  14866 170072    9           anynet.relay_connector - Connection terminated: anynet_overload
  error 2023-05-17 08:14:04.515       lsvc   main  14866 170072    9           anynet.relay_connector - Connection failed (anynet_overload)
   info 2023-05-17 08:14:04.517       lsvc   main  14866 170072    9           anynet.relay_connector - Using IPv4: 103.107.198.6
   info 2023-05-17 08:14:04.550       lsvc   main  14866 170072    9                  fiber.scheduler - Spawning root fiber 41.
   info 2023-05-17 08:14:04.631       lsvc   main  14866 170072    9           anynet.relay_connector - Cipher: ECDHE-ECDSA-AES256-GCM-SHA384 TLSv1.2 Kx=ECDH Au=ECDSA Enc=AESGCM(256) Mac=AEAD
   info 2023-05-17 08:14:04.631       lsvc   main  14866 170072    9                  fiber.scheduler - Spawning root fiber 42.
   info 2023-05-17 08:14:04.633       lsvc   main  14866 170072    9                        handshake - Using protocol version 3.
   info 2023-05-17 08:14:04.869       lsvc   main  14866 170072                       fiber.scheduler - Fiber 9 'relay_connector' (parent: 4 'main_relay_conn') requested quit of fiber 42.
   info 2023-05-17 08:14:04.869       lsvc   main  14866 170072   42                      fiber.fiber - Received quit.
   info 2023-05-17 08:14:04.869       lsvc   main  14866 170072                       fiber.scheduler - Fiber 42 terminated.
   info 2023-05-17 08:14:04.869       lsvc   main  14866 170072                       fiber.scheduler - Fiber 9 'relay_connector' (parent: 4 'main_relay_conn') requested quit of fiber 41.
   info 2023-05-17 08:14:04.869       lsvc   main  14866 170072   41                      fiber.fiber - Received quit.
   info 2023-05-17 08:14:04.869       lsvc   main  14866 170072                       fiber.scheduler - Fiber 41 terminated.
  error 2023-05-17 08:14:04.869       lsvc   main  14866 170072    9           anynet.relay_connector - Connection terminated: anynet_overload
  error 2023-05-17 08:14:04.869       lsvc   main  14866 170072    9           anynet.relay_connector - Connection failed (anynet_overload)
   info 2023-05-17 08:14:04.869       lsvc   main  14866 170072    9           anynet.relay_connector - Connecting to relay relay-0ecf3781.net.anydesk.com (4/10)
   info 2023-05-17 08:14:04.869       lsvc   main  14866 170072    9           anynet.relay_connector - Skipping connect method connect_proxy_443 (1/6) (no proxy found)
   info 2023-05-17 08:14:04.869       lsvc   main  14866 170072    9           anynet.relay_connector - Skipping connect method connect_proxy_80 (2/6) (no proxy found)
   info 2023-05-17 08:14:04.869       lsvc   main  14866 170072    9           anynet.relay_connector - Skipping connect method socks_proxy_443 (3/6) (no proxy found)
   info 2023-05-17 08:14:04.882       lsvc   main  14866 170072    9           anynet.relay_connector - Using IPv4: 143.244.33.69
   info 2023-05-17 08:14:04.917       lsvc   main  14866 170072    9                  fiber.scheduler - Spawning root fiber 43.
   info 2023-05-17 08:14:05.001       lsvc   main  14866 170072    9           anynet.relay_connector - Cipher: ECDHE-ECDSA-AES256-GCM-SHA384 TLSv1.2 Kx=ECDH Au=ECDSA Enc=AESGCM(256) Mac=AEAD
   info 2023-05-17 08:14:05.001       lsvc   main  14866 170072    9                  fiber.scheduler - Spawning root fiber 44.
   info 2023-05-17 08:14:05.002       lsvc   main  14866 170072    9                        handshake - Using protocol version 3.
   info 2023-05-17 08:14:05.286       lsvc   main  14866 170072                       fiber.scheduler - Fiber 9 'relay_connector' (parent: 4 'main_relay_conn') requested quit of fiber 44.
   info 2023-05-17 08:14:05.286       lsvc   main  14866 170072   44                      fiber.fiber - Received quit.
   info 2023-05-17 08:14:05.286       lsvc   main  14866 170072                       fiber.scheduler - Fiber 44 terminated.
   info 2023-05-17 08:14:05.286       lsvc   main  14866 170072                       fiber.scheduler - Fiber 9 'relay_connector' (parent: 4 'main_relay_conn') requested quit of fiber 43.
   info 2023-05-17 08:14:05.286       lsvc   main  14866 170072   43                      fiber.fiber - Received quit.
   info 2023-05-17 08:14:05.286       lsvc   main  14866 170072                       fiber.scheduler - Fiber 43 terminated.
  error 2023-05-17 08:14:05.287       lsvc   main  14866 170072    9           anynet.relay_connector - Connection terminated: anynet_overload
  error 2023-05-17 08:14:05.287       lsvc   main  14866 170072    9           anynet.relay_connector - Connection failed (anynet_overload)
   info 2023-05-17 08:14:05.289       lsvc   main  14866 170072    9           anynet.relay_connector - Using IPv4: 143.244.33.69
   info 2023-05-17 08:14:05.298       lsvc   main  14866 170072    9                  fiber.scheduler - Spawning root fiber 45.
   info 2023-05-17 08:14:05.414       lsvc   main  14866 170072    9           anynet.relay_connector - Cipher: ECDHE-ECDSA-AES256-GCM-SHA384 TLSv1.2 Kx=ECDH Au=ECDSA Enc=AESGCM(256) Mac=AEAD
   info 2023-05-17 08:14:05.415       lsvc   main  14866 170072    9                  fiber.scheduler - Spawning root fiber 46.
   info 2023-05-17 08:14:05.422       lsvc   main  14866 170072    9                        handshake - Using protocol version 3.
   info 2023-05-17 08:14:05.722       lsvc   main  14866 170072                       fiber.scheduler - Fiber 9 'relay_connector' (parent: 4 'main_relay_conn') requested quit of fiber 46.
   info 2023-05-17 08:14:05.722       lsvc   main  14866 170072   46                      fiber.fiber - Received quit.
   info 2023-05-17 08:14:05.722       lsvc   main  14866 170072                       fiber.scheduler - Fiber 46 terminated.
   info 2023-05-17 08:14:05.722       lsvc   main  14866 170072                       fiber.scheduler - Fiber 9 'relay_connector' (parent: 4 'main_relay_conn') requested quit of fiber 45.
   info 2023-05-17 08:14:05.722       lsvc   main  14866 170072   45                      fiber.fiber - Received quit.
   info 2023-05-17 08:14:05.722       lsvc   main  14866 170072                       fiber.scheduler - Fiber 45 terminated.
  error 2023-05-17 08:14:05.722       lsvc   main  14866 170072    9           anynet.relay_connector - Connection terminated: anynet_overload
  error 2023-05-17 08:14:05.722       lsvc   main  14866 170072    9           anynet.relay_connector - Connection failed (anynet_overload)
   info 2023-05-17 08:14:05.725       lsvc   main  14866 170072    9           anynet.relay_connector - Using IPv4: 143.244.33.69
   info 2023-05-17 08:14:05.759       lsvc   main  14866 170072    9                  fiber.scheduler - Spawning root fiber 47.
   info 2023-05-17 08:14:05.840       lsvc   main  14866 170072    9           anynet.relay_connector - Cipher: ECDHE-ECDSA-AES256-GCM-SHA384 TLSv1.2 Kx=ECDH Au=ECDSA Enc=AESGCM(256) Mac=AEAD
   info 2023-05-17 08:14:05.840       lsvc   main  14866 170072    9                  fiber.scheduler - Spawning root fiber 48.
   info 2023-05-17 08:14:05.842       lsvc   main  14866 170072    9                        handshake - Using protocol version 3.
   info 2023-05-17 08:14:06.101       lsvc   main  14866 170072                       fiber.scheduler - Fiber 9 'relay_connector' (parent: 4 'main_relay_conn') requested quit of fiber 48.
   info 2023-05-17 08:14:06.102       lsvc   main  14866 170072   48                      fiber.fiber - Received quit.
   info 2023-05-17 08:14:06.102       lsvc   main  14866 170072                       fiber.scheduler - Fiber 48 terminated.
   info 2023-05-17 08:14:06.102       lsvc   main  14866 170072                       fiber.scheduler - Fiber 9 'relay_connector' (parent: 4 'main_relay_conn') requested quit of fiber 47.
   info 2023-05-17 08:14:06.102       lsvc   main  14866 170072   47                      fiber.fiber - Received quit.
   info 2023-05-17 08:14:06.102       lsvc   main  14866 170072                       fiber.scheduler - Fiber 47 terminated.
  error 2023-05-17 08:14:06.102       lsvc   main  14866 170072    9           anynet.relay_connector - Connection terminated: anynet_overload
  error 2023-05-17 08:14:06.102       lsvc   main  14866 170072    9           anynet.relay_connector - Connection failed (anynet_overload)
   info 2023-05-17 08:14:06.102       lsvc   main  14866 170072    9           anynet.relay_connector - Connecting to relay relay-a2b5b64d.net.anydesk.com (5/10)
   info 2023-05-17 08:14:06.102       lsvc   main  14866 170072    9           anynet.relay_connector - Skipping connect method connect_proxy_443 (1/6) (no proxy found)
   info 2023-05-17 08:14:06.102       lsvc   main  14866 170072    9           anynet.relay_connector - Skipping connect method connect_proxy_80 (2/6) (no proxy found)
   info 2023-05-17 08:14:06.102       lsvc   main  14866 170072    9           anynet.relay_connector - Skipping connect method socks_proxy_443 (3/6) (no proxy found)
   info 2023-05-17 08:14:06.117       lsvc   main  14866 170072    9           anynet.relay_connector - Using IPv4: 92.223.85.162
   info 2023-05-17 08:14:06.150       lsvc   main  14866 170072    9                  fiber.scheduler - Spawning root fiber 49.
   info 2023-05-17 08:14:06.231       lsvc   main  14866 170072    9           anynet.relay_connector - Cipher: ECDHE-ECDSA-AES256-GCM-SHA384 TLSv1.2 Kx=ECDH Au=ECDSA Enc=AESGCM(256) Mac=AEAD
   info 2023-05-17 08:14:06.232       lsvc   main  14866 170072    9                  fiber.scheduler - Spawning root fiber 50.
   info 2023-05-17 08:14:06.233       lsvc   main  14866 170072    9                        handshake - Using protocol version 3.
   info 2023-05-17 08:14:06.506       lsvc   main  14866 170072                       fiber.scheduler - Fiber 9 'relay_connector' (parent: 4 'main_relay_conn') requested quit of fiber 50.
   info 2023-05-17 08:14:06.506       lsvc   main  14866 170072   50                      fiber.fiber - Received quit.
   info 2023-05-17 08:14:06.506       lsvc   main  14866 170072                       fiber.scheduler - Fiber 50 terminated.
   info 2023-05-17 08:14:06.506       lsvc   main  14866 170072                       fiber.scheduler - Fiber 9 'relay_connector' (parent: 4 'main_relay_conn') requested quit of fiber 49.
   info 2023-05-17 08:14:06.506       lsvc   main  14866 170072   49                      fiber.fiber - Received quit.
   info 2023-05-17 08:14:06.506       lsvc   main  14866 170072                       fiber.scheduler - Fiber 49 terminated.
  error 2023-05-17 08:14:06.506       lsvc   main  14866 170072    9           anynet.relay_connector - Connection terminated: anynet_overload
  error 2023-05-17 08:14:06.506       lsvc   main  14866 170072    9           anynet.relay_connector - Connection failed (anynet_overload)
   info 2023-05-17 08:14:06.508       lsvc   main  14866 170072    9           anynet.relay_connector - Using IPv4: 92.223.85.162
   info 2023-05-17 08:14:06.516       lsvc   main  14866 170072    9                  fiber.scheduler - Spawning root fiber 51.
   info 2023-05-17 08:14:06.631       lsvc   main  14866 170072    9           anynet.relay_connector - Cipher: ECDHE-ECDSA-AES256-GCM-SHA384 TLSv1.2 Kx=ECDH Au=ECDSA Enc=AESGCM(256) Mac=AEAD
   info 2023-05-17 08:14:06.631       lsvc   main  14866 170072    9                  fiber.scheduler - Spawning root fiber 52.
   info 2023-05-17 08:14:06.639       lsvc   main  14866 170072    9                        handshake - Using protocol version 3.
   info 2023-05-17 08:14:06.912       lsvc   main  14866 170072                       fiber.scheduler - Fiber 9 'relay_connector' (parent: 4 'main_relay_conn') requested quit of fiber 52.
   info 2023-05-17 08:14:06.913       lsvc   main  14866 170072   52                      fiber.fiber - Received quit.
   info 2023-05-17 08:14:06.913       lsvc   main  14866 170072                       fiber.scheduler - Fiber 52 terminated.
   info 2023-05-17 08:14:06.913       lsvc   main  14866 170072                       fiber.scheduler - Fiber 9 'relay_connector' (parent: 4 'main_relay_conn') requested quit of fiber 51.
   info 2023-05-17 08:14:06.913       lsvc   main  14866 170072   51                      fiber.fiber - Received quit.
   info 2023-05-17 08:14:06.913       lsvc   main  14866 170072                       fiber.scheduler - Fiber 51 terminated.
  error 2023-05-17 08:14:06.913       lsvc   main  14866 170072    9           anynet.relay_connector - Connection terminated: anynet_overload
  error 2023-05-17 08:14:06.913       lsvc   main  14866 170072    9           anynet.relay_connector - Connection failed (anynet_overload)
   info 2023-05-17 08:14:06.915       lsvc   main  14866 170072    9           anynet.relay_connector - Using IPv4: 92.223.85.162
   info 2023-05-17 08:14:06.953       lsvc   main  14866 170072    9                  fiber.scheduler - Spawning root fiber 53.
   info 2023-05-17 08:14:07.043       lsvc   main  14866 170072    9           anynet.relay_connector - Cipher: ECDHE-ECDSA-AES256-GCM-SHA384 TLSv1.2 Kx=ECDH Au=ECDSA Enc=AESGCM(256) Mac=AEAD
   info 2023-05-17 08:14:07.043       lsvc   main  14866 170072    9                  fiber.scheduler - Spawning root fiber 54.
   info 2023-05-17 08:14:07.045       lsvc   main  14866 170072    9                        handshake - Using protocol version 3.
   info 2023-05-17 08:14:07.324       lsvc   main  14866 170072                       fiber.scheduler - Fiber 9 'relay_connector' (parent: 4 'main_relay_conn') requested quit of fiber 54.
   info 2023-05-17 08:14:07.324       lsvc   main  14866 170072   54                      fiber.fiber - Received quit.
   info 2023-05-17 08:14:07.324       lsvc   main  14866 170072                       fiber.scheduler - Fiber 54 terminated.
   info 2023-05-17 08:14:07.324       lsvc   main  14866 170072                       fiber.scheduler - Fiber 9 'relay_connector' (parent: 4 'main_relay_conn') requested quit of fiber 53.
   info 2023-05-17 08:14:07.324       lsvc   main  14866 170072   53                      fiber.fiber - Received quit.
   info 2023-05-17 08:14:07.324       lsvc   main  14866 170072                       fiber.scheduler - Fiber 53 terminated.
  error 2023-05-17 08:14:07.324       lsvc   main  14866 170072    9           anynet.relay_connector - Connection terminated: anynet_overload
  error 2023-05-17 08:14:07.324       lsvc   main  14866 170072    9           anynet.relay_connector - Connection failed (anynet_overload)
   info 2023-05-17 08:14:07.324       lsvc   main  14866 170072    9           anynet.relay_connector - Connecting to relay relay-44ae70a8.net.anydesk.com (6/10)
   info 2023-05-17 08:14:07.324       lsvc   main  14866 170072    9           anynet.relay_connector - Skipping connect method connect_proxy_443 (1/6) (no proxy found)
   info 2023-05-17 08:14:07.324       lsvc   main  14866 170072    9           anynet.relay_connector - Skipping connect method connect_proxy_80 (2/6) (no proxy found)
   info 2023-05-17 08:14:07.324       lsvc   main  14866 170072    9           anynet.relay_connector - Skipping connect method socks_proxy_443 (3/6) (no proxy found)
   info 2023-05-17 08:14:07.335       lsvc   main  14866 170072    9           anynet.relay_connector - Using IPv4: 203.27.106.3
   info 2023-05-17 08:14:07.370       lsvc   main  14866 170072    9                  fiber.scheduler - Spawning root fiber 55.
   info 2023-05-17 08:14:07.451       lsvc   main  14866 170072    9           anynet.relay_connector - Cipher: ECDHE-ECDSA-AES256-GCM-SHA384 TLSv1.2 Kx=ECDH Au=ECDSA Enc=AESGCM(256) Mac=AEAD
   info 2023-05-17 08:14:07.451       lsvc   main  14866 170072    9                  fiber.scheduler - Spawning root fiber 56.
   info 2023-05-17 08:14:07.452       lsvc   main  14866 170072    9                        handshake - Using protocol version 3.
   info 2023-05-17 08:14:07.664       lsvc   main  14866 170072                       fiber.scheduler - Fiber 9 'relay_connector' (parent: 4 'main_relay_conn') requested quit of fiber 56.
   info 2023-05-17 08:14:07.664       lsvc   main  14866 170072   56                      fiber.fiber - Received quit.
   info 2023-05-17 08:14:07.664       lsvc   main  14866 170072                       fiber.scheduler - Fiber 56 terminated.
   info 2023-05-17 08:14:07.664       lsvc   main  14866 170072                       fiber.scheduler - Fiber 9 'relay_connector' (parent: 4 'main_relay_conn') requested quit of fiber 55.
   info 2023-05-17 08:14:07.664       lsvc   main  14866 170072   55                      fiber.fiber - Received quit.
   info 2023-05-17 08:14:07.664       lsvc   main  14866 170072                       fiber.scheduler - Fiber 55 terminated.
  error 2023-05-17 08:14:07.665       lsvc   main  14866 170072    9           anynet.relay_connector - Connection terminated: anynet_overload
  error 2023-05-17 08:14:07.665       lsvc   main  14866 170072    9           anynet.relay_connector - Connection failed (anynet_overload)
   info 2023-05-17 08:14:07.667       lsvc   main  14866 170072    9           anynet.relay_connector - Using IPv4: 203.27.106.3
   info 2023-05-17 08:14:07.676       lsvc   main  14866 170072    9                  fiber.scheduler - Spawning root fiber 57.
   info 2023-05-17 08:14:07.788       lsvc   main  14866 170072    9           anynet.relay_connector - Cipher: ECDHE-ECDSA-AES256-GCM-SHA384 TLSv1.2 Kx=ECDH Au=ECDSA Enc=AESGCM(256) Mac=AEAD
   info 2023-05-17 08:14:07.788       lsvc   main  14866 170072    9                  fiber.scheduler - Spawning root fiber 58.
   info 2023-05-17 08:14:07.796       lsvc   main  14866 170072    9                        handshake - Using protocol version 3.
   info 2023-05-17 08:14:08.024       lsvc   main  14866 170072                       fiber.scheduler - Fiber 9 'relay_connector' (parent: 4 'main_relay_conn') requested quit of fiber 58.
   info 2023-05-17 08:14:08.025       lsvc   main  14866 170072   58                      fiber.fiber - Received quit.
   info 2023-05-17 08:14:08.025       lsvc   main  14866 170072                       fiber.scheduler - Fiber 58 terminated.
   info 2023-05-17 08:14:08.025       lsvc   main  14866 170072                       fiber.scheduler - Fiber 9 'relay_connector' (parent: 4 'main_relay_conn') requested quit of fiber 57.
   info 2023-05-17 08:14:08.025       lsvc   main  14866 170072   57                      fiber.fiber - Received quit.
   info 2023-05-17 08:14:08.025       lsvc   main  14866 170072                       fiber.scheduler - Fiber 57 terminated.
  error 2023-05-17 08:14:08.025       lsvc   main  14866 170072    9           anynet.relay_connector - Connection terminated: anynet_overload
  error 2023-05-17 08:14:08.025       lsvc   main  14866 170072    9           anynet.relay_connector - Connection failed (anynet_overload)
   info 2023-05-17 08:14:08.028       lsvc   main  14866 170072    9           anynet.relay_connector - Using IPv4: 203.27.106.3
   info 2023-05-17 08:14:08.060       lsvc   main  14866 170072    9                  fiber.scheduler - Spawning root fiber 59.
   info 2023-05-17 08:14:08.140       lsvc   main  14866 170072    9           anynet.relay_connector - Cipher: ECDHE-ECDSA-AES256-GCM-SHA384 TLSv1.2 Kx=ECDH Au=ECDSA Enc=AESGCM(256) Mac=AEAD
   info 2023-05-17 08:14:08.140       lsvc   main  14866 170072    9                  fiber.scheduler - Spawning root fiber 60.
   info 2023-05-17 08:14:08.142       lsvc   main  14866 170072    9                        handshake - Using protocol version 3.
   info 2023-05-17 08:14:08.380       lsvc   main  14866 170072                       fiber.scheduler - Fiber 9 'relay_connector' (parent: 4 'main_relay_conn') requested quit of fiber 60.
   info 2023-05-17 08:14:08.381       lsvc   main  14866 170072   60                      fiber.fiber - Received quit.
   info 2023-05-17 08:14:08.381       lsvc   main  14866 170072                       fiber.scheduler - Fiber 60 terminated.
   info 2023-05-17 08:14:08.381       lsvc   main  14866 170072                       fiber.scheduler - Fiber 9 'relay_connector' (parent: 4 'main_relay_conn') requested quit of fiber 59.
   info 2023-05-17 08:14:08.381       lsvc   main  14866 170072   59                      fiber.fiber - Received quit.
   info 2023-05-17 08:14:08.381       lsvc   main  14866 170072                       fiber.scheduler - Fiber 59 terminated.
  error 2023-05-17 08:14:08.381       lsvc   main  14866 170072    9           anynet.relay_connector - Connection terminated: anynet_overload
  error 2023-05-17 08:14:08.381       lsvc   main  14866 170072    9           anynet.relay_connector - Connection failed (anynet_overload)
   info 2023-05-17 08:14:08.381       lsvc   main  14866 170072    9           anynet.relay_connector - Connecting to relay relay-ec35fb13.net.anydesk.com (7/10)
   info 2023-05-17 08:14:08.381       lsvc   main  14866 170072    9           anynet.relay_connector - Skipping connect method connect_proxy_443 (1/6) (no proxy found)
   info 2023-05-17 08:14:08.381       lsvc   main  14866 170072    9           anynet.relay_connector - Skipping connect method connect_proxy_80 (2/6) (no proxy found)
   info 2023-05-17 08:14:08.381       lsvc   main  14866 170072    9           anynet.relay_connector - Skipping connect method socks_proxy_443 (3/6) (no proxy found)
   info 2023-05-17 08:14:08.395       lsvc   main  14866 170072    9           anynet.relay_connector - Using IPv4: 23.111.12.23
   info 2023-05-17 08:14:08.432       lsvc   main  14866 170072    9                  fiber.scheduler - Spawning root fiber 61.
   info 2023-05-17 08:14:08.532       lsvc   main  14866 170072    9           anynet.relay_connector - Cipher: ECDHE-ECDSA-AES256-GCM-SHA384 TLSv1.2 Kx=ECDH Au=ECDSA Enc=AESGCM(256) Mac=AEAD
   info 2023-05-17 08:14:08.532       lsvc   main  14866 170072    9                  fiber.scheduler - Spawning root fiber 62.
   info 2023-05-17 08:14:08.534       lsvc   main  14866 170072    9                        handshake - Using protocol version 3.
   info 2023-05-17 08:14:08.926       lsvc   main  14866 170072                       fiber.scheduler - Fiber 9 'relay_connector' (parent: 4 'main_relay_conn') requested quit of fiber 62.
   info 2023-05-17 08:14:08.926       lsvc   main  14866 170072   62                      fiber.fiber - Received quit.
   info 2023-05-17 08:14:08.926       lsvc   main  14866 170072                       fiber.scheduler - Fiber 62 terminated.
   info 2023-05-17 08:14:08.926       lsvc   main  14866 170072                       fiber.scheduler - Fiber 9 'relay_connector' (parent: 4 'main_relay_conn') requested quit of fiber 61.
   info 2023-05-17 08:14:08.926       lsvc   main  14866 170072   61                      fiber.fiber - Received quit.
   info 2023-05-17 08:14:08.926       lsvc   main  14866 170072                       fiber.scheduler - Fiber 61 terminated.
  error 2023-05-17 08:14:08.926       lsvc   main  14866 170072    9           anynet.relay_connector - Connection terminated: anynet_overload
  error 2023-05-17 08:14:08.926       lsvc   main  14866 170072    9           anynet.relay_connector - Connection failed (anynet_overload)
   info 2023-05-17 08:14:08.928       lsvc   main  14866 170072    9           anynet.relay_connector - Using IPv4: 23.111.12.23
   info 2023-05-17 08:14:08.937       lsvc   main  14866 170072    9                  fiber.scheduler - Spawning root fiber 63.
   info 2023-05-17 08:14:09.061       lsvc   main  14866 170072    9           anynet.relay_connector - Cipher: ECDHE-ECDSA-AES256-GCM-SHA384 TLSv1.2 Kx=ECDH Au=ECDSA Enc=AESGCM(256) Mac=AEAD
   info 2023-05-17 08:14:09.061       lsvc   main  14866 170072    9                  fiber.scheduler - Spawning root fiber 64.
   info 2023-05-17 08:14:09.069       lsvc   main  14866 170072    9                        handshake - Using protocol version 3.
   info 2023-05-17 08:14:09.461       lsvc   main  14866 170072                       fiber.scheduler - Fiber 9 'relay_connector' (parent: 4 'main_relay_conn') requested quit of fiber 64.
   info 2023-05-17 08:14:09.461       lsvc   main  14866 170072   64                      fiber.fiber - Received quit.
   info 2023-05-17 08:14:09.461       lsvc   main  14866 170072                       fiber.scheduler - Fiber 64 terminated.
   info 2023-05-17 08:14:09.461       lsvc   main  14866 170072                       fiber.scheduler - Fiber 9 'relay_connector' (parent: 4 'main_relay_conn') requested quit of fiber 63.
   info 2023-05-17 08:14:09.461       lsvc   main  14866 170072   63                      fiber.fiber - Received quit.
   info 2023-05-17 08:14:09.461       lsvc   main  14866 170072                       fiber.scheduler - Fiber 63 terminated.
  error 2023-05-17 08:14:09.461       lsvc   main  14866 170072    9           anynet.relay_connector - Connection terminated: anynet_overload
  error 2023-05-17 08:14:09.461       lsvc   main  14866 170072    9           anynet.relay_connector - Connection failed (anynet_overload)
   info 2023-05-17 08:14:09.463       lsvc   main  14866 170072    9           anynet.relay_connector - Using IPv4: 23.111.12.23
   info 2023-05-17 08:14:09.499       lsvc   main  14866 170072    9                  fiber.scheduler - Spawning root fiber 65.
   info 2023-05-17 08:14:09.593       lsvc   main  14866 170072    9           anynet.relay_connector - Cipher: ECDHE-ECDSA-AES256-GCM-SHA384 TLSv1.2 Kx=ECDH Au=ECDSA Enc=AESGCM(256) Mac=AEAD
   info 2023-05-17 08:14:09.594       lsvc   main  14866 170072    9                  fiber.scheduler - Spawning root fiber 66.
   info 2023-05-17 08:14:09.595       lsvc   main  14866 170072    9                        handshake - Using protocol version 3.
   info 2023-05-17 08:14:09.964       lsvc   main  14866 170072                       fiber.scheduler - Fiber 9 'relay_connector' (parent: 4 'main_relay_conn') requested quit of fiber 66.
   info 2023-05-17 08:14:09.964       lsvc   main  14866 170072   66                      fiber.fiber - Received quit.
   info 2023-05-17 08:14:09.964       lsvc   main  14866 170072                       fiber.scheduler - Fiber 66 terminated.
   info 2023-05-17 08:14:09.964       lsvc   main  14866 170072                       fiber.scheduler - Fiber 9 'relay_connector' (parent: 4 'main_relay_conn') requested quit of fiber 65.
   info 2023-05-17 08:14:09.964       lsvc   main  14866 170072   65                      fiber.fiber - Received quit.
   info 2023-05-17 08:14:09.964       lsvc   main  14866 170072                       fiber.scheduler - Fiber 65 terminated.
  error 2023-05-17 08:14:09.964       lsvc   main  14866 170072    9           anynet.relay_connector - Connection terminated: anynet_overload
  error 2023-05-17 08:14:09.964       lsvc   main  14866 170072    9           anynet.relay_connector - Connection failed (anynet_overload)
   info 2023-05-17 08:14:09.964       lsvc   main  14866 170072    9           anynet.relay_connector - Connecting to relay relay-5aee9c19.net.anydesk.com (8/10)
   info 2023-05-17 08:14:09.964       lsvc   main  14866 170072    9           anynet.relay_connector - Skipping connect method connect_proxy_443 (1/6) (no proxy found)
   info 2023-05-17 08:14:09.964       lsvc   main  14866 170072    9           anynet.relay_connector - Skipping connect method connect_proxy_80 (2/6) (no proxy found)
   info 2023-05-17 08:14:09.964       lsvc   main  14866 170072    9           anynet.relay_connector - Skipping connect method socks_proxy_443 (3/6) (no proxy found)
   info 2023-05-17 08:14:09.981       lsvc   main  14866 170072    9           anynet.relay_connector - Using IPv4: 103.107.198.74
   info 2023-05-17 08:14:10.018       lsvc   main  14866 170072    9                  fiber.scheduler - Spawning root fiber 67.
   info 2023-05-17 08:14:10.107       lsvc   main  14866 170072    9           anynet.relay_connector - Cipher: ECDHE-ECDSA-AES256-GCM-SHA384 TLSv1.2 Kx=ECDH Au=ECDSA Enc=AESGCM(256) Mac=AEAD
   info 2023-05-17 08:14:10.107       lsvc   main  14866 170072    9                  fiber.scheduler - Spawning root fiber 68.
   info 2023-05-17 08:14:10.108       lsvc   main  14866 170072    9                        handshake - Using protocol version 3.
   info 2023-05-17 08:14:10.330       lsvc   main  14866 170072                       fiber.scheduler - Fiber 9 'relay_connector' (parent: 4 'main_relay_conn') requested quit of fiber 68.
   info 2023-05-17 08:14:10.330       lsvc   main  14866 170072   68                      fiber.fiber - Received quit.
   info 2023-05-17 08:14:10.330       lsvc   main  14866 170072                       fiber.scheduler - Fiber 68 terminated.
   info 2023-05-17 08:14:10.330       lsvc   main  14866 170072                       fiber.scheduler - Fiber 9 'relay_connector' (parent: 4 'main_relay_conn') requested quit of fiber 67.
   info 2023-05-17 08:14:10.330       lsvc   main  14866 170072   67                      fiber.fiber - Received quit.
   info 2023-05-17 08:14:10.330       lsvc   main  14866 170072                       fiber.scheduler - Fiber 67 terminated.
  error 2023-05-17 08:14:10.331       lsvc   main  14866 170072    9           anynet.relay_connector - Connection terminated: anynet_overload
  error 2023-05-17 08:14:10.331       lsvc   main  14866 170072    9           anynet.relay_connector - Connection failed (anynet_overload)
   info 2023-05-17 08:14:10.334       lsvc   main  14866 170072    9           anynet.relay_connector - Using IPv4: 103.107.198.74
   info 2023-05-17 08:14:10.343       lsvc   main  14866 170072    9                  fiber.scheduler - Spawning root fiber 69.
   info 2023-05-17 08:14:10.462       lsvc   main  14866 170072    9           anynet.relay_connector - Cipher: ECDHE-ECDSA-AES256-GCM-SHA384 TLSv1.2 Kx=ECDH Au=ECDSA Enc=AESGCM(256) Mac=AEAD
   info 2023-05-17 08:14:10.462       lsvc   main  14866 170072    9                  fiber.scheduler - Spawning root fiber 70.
   info 2023-05-17 08:14:10.470       lsvc   main  14866 170072    9                        handshake - Using protocol version 3.
   info 2023-05-17 08:14:10.687       lsvc   main  14866 170072                       fiber.scheduler - Fiber 9 'relay_connector' (parent: 4 'main_relay_conn') requested quit of fiber 70.
   info 2023-05-17 08:14:10.687       lsvc   main  14866 170072   70                      fiber.fiber - Received quit.
   info 2023-05-17 08:14:10.687       lsvc   main  14866 170072                       fiber.scheduler - Fiber 70 terminated.
   info 2023-05-17 08:14:10.687       lsvc   main  14866 170072                       fiber.scheduler - Fiber 9 'relay_connector' (parent: 4 'main_relay_conn') requested quit of fiber 69.
   info 2023-05-17 08:14:10.687       lsvc   main  14866 170072   69                      fiber.fiber - Received quit.
   info 2023-05-17 08:14:10.687       lsvc   main  14866 170072                       fiber.scheduler - Fiber 69 terminated.
  error 2023-05-17 08:14:10.687       lsvc   main  14866 170072    9           anynet.relay_connector - Connection terminated: anynet_overload
  error 2023-05-17 08:14:10.687       lsvc   main  14866 170072    9           anynet.relay_connector - Connection failed (anynet_overload)
   info 2023-05-17 08:14:10.689       lsvc   main  14866 170072    9           anynet.relay_connector - Using IPv4: 103.107.198.74
   info 2023-05-17 08:14:10.723       lsvc   main  14866 170072    9                  fiber.scheduler - Spawning root fiber 71.
   info 2023-05-17 08:14:10.810       lsvc   main  14866 170072    9           anynet.relay_connector - Cipher: ECDHE-ECDSA-AES256-GCM-SHA384 TLSv1.2 Kx=ECDH Au=ECDSA Enc=AESGCM(256) Mac=AEAD
   info 2023-05-17 08:14:10.810       lsvc   main  14866 170072    9                  fiber.scheduler - Spawning root fiber 72.
   info 2023-05-17 08:14:10.812       lsvc   main  14866 170072    9                        handshake - Using protocol version 3.
   info 2023-05-17 08:14:11.043       lsvc   main  14866 170072                       fiber.scheduler - Fiber 9 'relay_connector' (parent: 4 'main_relay_conn') requested quit of fiber 72.
   info 2023-05-17 08:14:11.043       lsvc   main  14866 170072   72                      fiber.fiber - Received quit.
   info 2023-05-17 08:14:11.043       lsvc   main  14866 170072                       fiber.scheduler - Fiber 72 terminated.
   info 2023-05-17 08:14:11.043       lsvc   main  14866 170072                       fiber.scheduler - Fiber 9 'relay_connector' (parent: 4 'main_relay_conn') requested quit of fiber 71.
   info 2023-05-17 08:14:11.043       lsvc   main  14866 170072   71                      fiber.fiber - Received quit.
   info 2023-05-17 08:14:11.043       lsvc   main  14866 170072                       fiber.scheduler - Fiber 71 terminated.
  error 2023-05-17 08:14:11.043       lsvc   main  14866 170072    9           anynet.relay_connector - Connection terminated: anynet_overload
  error 2023-05-17 08:14:11.043       lsvc   main  14866 170072    9           anynet.relay_connector - Connection failed (anynet_overload)
   info 2023-05-17 08:14:11.043       lsvc   main  14866 170072    9           anynet.relay_connector - Connecting to relay relay-b0654b5a.net.anydesk.com (9/10)
   info 2023-05-17 08:14:11.043       lsvc   main  14866 170072    9           anynet.relay_connector - Skipping connect method connect_proxy_443 (1/6) (no proxy found)
   info 2023-05-17 08:14:11.043       lsvc   main  14866 170072    9           anynet.relay_connector - Skipping connect method connect_proxy_80 (2/6) (no proxy found)
   info 2023-05-17 08:14:11.043       lsvc   main  14866 170072    9           anynet.relay_connector - Skipping connect method socks_proxy_443 (3/6) (no proxy found)
   info 2023-05-17 08:14:11.059       lsvc   main  14866 170072    9           anynet.relay_connector - Using IPv4: 92.223.85.165
   info 2023-05-17 08:14:11.096       lsvc   main  14866 170072    9                  fiber.scheduler - Spawning root fiber 73.
   info 2023-05-17 08:14:11.182       lsvc   main  14866 170072    9           anynet.relay_connector - Cipher: ECDHE-ECDSA-AES256-GCM-SHA384 TLSv1.2 Kx=ECDH Au=ECDSA Enc=AESGCM(256) Mac=AEAD
   info 2023-05-17 08:14:11.183       lsvc   main  14866 170072    9                  fiber.scheduler - Spawning root fiber 74.
   info 2023-05-17 08:14:11.184       lsvc   main  14866 170072    9                        handshake - Using protocol version 3.
   info 2023-05-17 08:14:11.457       lsvc   main  14866 170072                       fiber.scheduler - Fiber 9 'relay_connector' (parent: 4 'main_relay_conn') requested quit of fiber 74.
   info 2023-05-17 08:14:11.458       lsvc   main  14866 170072   74                      fiber.fiber - Received quit.
   info 2023-05-17 08:14:11.458       lsvc   main  14866 170072                       fiber.scheduler - Fiber 74 terminated.
   info 2023-05-17 08:14:11.458       lsvc   main  14866 170072                       fiber.scheduler - Fiber 9 'relay_connector' (parent: 4 'main_relay_conn') requested quit of fiber 73.
   info 2023-05-17 08:14:11.458       lsvc   main  14866 170072   73                      fiber.fiber - Received quit.
   info 2023-05-17 08:14:11.458       lsvc   main  14866 170072                       fiber.scheduler - Fiber 73 terminated.
  error 2023-05-17 08:14:11.458       lsvc   main  14866 170072    9           anynet.relay_connector - Connection terminated: anynet_overload
  error 2023-05-17 08:14:11.458       lsvc   main  14866 170072    9           anynet.relay_connector - Connection failed (anynet_overload)
   info 2023-05-17 08:14:11.461       lsvc   main  14866 170072    9           anynet.relay_connector - Using IPv4: 92.223.85.165
   info 2023-05-17 08:14:11.469       lsvc   main  14866 170072    9                  fiber.scheduler - Spawning root fiber 75.
   info 2023-05-17 08:14:11.580       lsvc   main  14866 170072    9           anynet.relay_connector - Cipher: ECDHE-ECDSA-AES256-GCM-SHA384 TLSv1.2 Kx=ECDH Au=ECDSA Enc=AESGCM(256) Mac=AEAD
   info 2023-05-17 08:14:11.580       lsvc   main  14866 170072    9                  fiber.scheduler - Spawning root fiber 76.
   info 2023-05-17 08:14:11.587       lsvc   main  14866 170072    9                        handshake - Using protocol version 3.
   info 2023-05-17 08:14:11.863       lsvc   main  14866 170072                       fiber.scheduler - Fiber 9 'relay_connector' (parent: 4 'main_relay_conn') requested quit of fiber 76.
   info 2023-05-17 08:14:11.863       lsvc   main  14866 170072   76                      fiber.fiber - Received quit.
   info 2023-05-17 08:14:11.864       lsvc   main  14866 170072                       fiber.scheduler - Fiber 76 terminated.
   info 2023-05-17 08:14:11.864       lsvc   main  14866 170072                       fiber.scheduler - Fiber 9 'relay_connector' (parent: 4 'main_relay_conn') requested quit of fiber 75.
   info 2023-05-17 08:14:11.864       lsvc   main  14866 170072   75                      fiber.fiber - Received quit.
   info 2023-05-17 08:14:11.864       lsvc   main  14866 170072                       fiber.scheduler - Fiber 75 terminated.
  error 2023-05-17 08:14:11.864       lsvc   main  14866 170072    9           anynet.relay_connector - Connection terminated: anynet_overload
  error 2023-05-17 08:14:11.864       lsvc   main  14866 170072    9           anynet.relay_connector - Connection failed (anynet_overload)
   info 2023-05-17 08:14:11.867       lsvc   main  14866 170072    9           anynet.relay_connector - Using IPv4: 92.223.85.165
   info 2023-05-17 08:14:11.905       lsvc   main  14866 170072    9                  fiber.scheduler - Spawning root fiber 77.
   info 2023-05-17 08:14:11.994       lsvc   main  14866 170072    9           anynet.relay_connector - Cipher: ECDHE-ECDSA-AES256-GCM-SHA384 TLSv1.2 Kx=ECDH Au=ECDSA Enc=AESGCM(256) Mac=AEAD
   info 2023-05-17 08:14:11.994       lsvc   main  14866 170072    9                  fiber.scheduler - Spawning root fiber 78.
   info 2023-05-17 08:14:11.996       lsvc   main  14866 170072    9                        handshake - Using protocol version 3.
   info 2023-05-17 08:14:12.274       lsvc   main  14866 170072                       fiber.scheduler - Fiber 9 'relay_connector' (parent: 4 'main_relay_conn') requested quit of fiber 78.
   info 2023-05-17 08:14:12.274       lsvc   main  14866 170072   78                      fiber.fiber - Received quit.
   info 2023-05-17 08:14:12.274       lsvc   main  14866 170072                       fiber.scheduler - Fiber 78 terminated.
   info 2023-05-17 08:14:12.274       lsvc   main  14866 170072                       fiber.scheduler - Fiber 9 'relay_connector' (parent: 4 'main_relay_conn') requested quit of fiber 77.
   info 2023-05-17 08:14:12.274       lsvc   main  14866 170072   77                      fiber.fiber - Received quit.
   info 2023-05-17 08:14:12.274       lsvc   main  14866 170072                       fiber.scheduler - Fiber 77 terminated.
  error 2023-05-17 08:14:12.274       lsvc   main  14866 170072    9           anynet.relay_connector - Connection terminated: anynet_overload
  error 2023-05-17 08:14:12.274       lsvc   main  14866 170072    9           anynet.relay_connector - Connection failed (anynet_overload)
   info 2023-05-17 08:14:12.275       lsvc   main  14866 170072    9           anynet.relay_connector - Connecting to relay relay-b2fbfaeb.net.anydesk.com (10/10)
   info 2023-05-17 08:14:12.275       lsvc   main  14866 170072    9           anynet.relay_connector - Skipping connect method connect_proxy_443 (1/6) (no proxy found)
   info 2023-05-17 08:14:12.275       lsvc   main  14866 170072    9           anynet.relay_connector - Skipping connect method connect_proxy_80 (2/6) (no proxy found)
   info 2023-05-17 08:14:12.275       lsvc   main  14866 170072    9           anynet.relay_connector - Skipping connect method socks_proxy_443 (3/6) (no proxy found)
   info 2023-05-17 08:14:12.287       lsvc   main  14866 170072    9           anynet.relay_connector - Using IPv4: 143.244.33.102
   info 2023-05-17 08:14:12.322       lsvc   main  14866 170072    9                  fiber.scheduler - Spawning root fiber 79.
   info 2023-05-17 08:14:12.403       lsvc   main  14866 170072    9           anynet.relay_connector - Cipher: ECDHE-ECDSA-AES256-GCM-SHA384 TLSv1.2 Kx=ECDH Au=ECDSA Enc=AESGCM(256) Mac=AEAD
   info 2023-05-17 08:14:12.404       lsvc   main  14866 170072    9                  fiber.scheduler - Spawning root fiber 80.
   info 2023-05-17 08:14:12.406       lsvc   main  14866 170072    9                        handshake - Using protocol version 3.
   info 2023-05-17 08:14:12.646       lsvc   main  14866 170072                       fiber.scheduler - Fiber 9 'relay_connector' (parent: 4 'main_relay_conn') requested quit of fiber 80.
   info 2023-05-17 08:14:12.646       lsvc   main  14866 170072   80                      fiber.fiber - Received quit.
   info 2023-05-17 08:14:12.646       lsvc   main  14866 170072                       fiber.scheduler - Fiber 80 terminated.
   info 2023-05-17 08:14:12.646       lsvc   main  14866 170072                       fiber.scheduler - Fiber 9 'relay_connector' (parent: 4 'main_relay_conn') requested quit of fiber 79.
   info 2023-05-17 08:14:12.646       lsvc   main  14866 170072   79                      fiber.fiber - Received quit.
   info 2023-05-17 08:14:12.646       lsvc   main  14866 170072                       fiber.scheduler - Fiber 79 terminated.
  error 2023-05-17 08:14:12.646       lsvc   main  14866 170072    9           anynet.relay_connector - Connection terminated: anynet_overload
  error 2023-05-17 08:14:12.647       lsvc   main  14866 170072    9           anynet.relay_connector - Connection failed (anynet_overload)
   info 2023-05-17 08:14:12.649       lsvc   main  14866 170072    9           anynet.relay_connector - Using IPv4: 143.244.33.102
   info 2023-05-17 08:14:12.658       lsvc   main  14866 170072    9                  fiber.scheduler - Spawning root fiber 81.
   info 2023-05-17 08:14:12.775       lsvc   main  14866 170072    9           anynet.relay_connector - Cipher: ECDHE-ECDSA-AES256-GCM-SHA384 TLSv1.2 Kx=ECDH Au=ECDSA Enc=AESGCM(256) Mac=AEAD
   info 2023-05-17 08:14:12.775       lsvc   main  14866 170072    9                  fiber.scheduler - Spawning root fiber 82.
   info 2023-05-17 08:14:12.782       lsvc   main  14866 170072    9                        handshake - Using protocol version 3.
   info 2023-05-17 08:14:13.004       lsvc   main  14866 170072                       fiber.scheduler - Fiber 9 'relay_connector' (parent: 4 'main_relay_conn') requested quit of fiber 82.
   info 2023-05-17 08:14:13.004       lsvc   main  14866 170072   82                      fiber.fiber - Received quit.
   info 2023-05-17 08:14:13.004       lsvc   main  14866 170072                       fiber.scheduler - Fiber 82 terminated.
   info 2023-05-17 08:14:13.004       lsvc   main  14866 170072                       fiber.scheduler - Fiber 9 'relay_connector' (parent: 4 'main_relay_conn') requested quit of fiber 81.
   info 2023-05-17 08:14:13.004       lsvc   main  14866 170072   81                      fiber.fiber - Received quit.
   info 2023-05-17 08:14:13.004       lsvc   main  14866 170072                       fiber.scheduler - Fiber 81 terminated.
  error 2023-05-17 08:14:13.004       lsvc   main  14866 170072    9           anynet.relay_connector - Connection terminated: anynet_overload
  error 2023-05-17 08:14:13.004       lsvc   main  14866 170072    9           anynet.relay_connector - Connection failed (anynet_overload)
   info 2023-05-17 08:14:13.006       lsvc   main  14866 170072    9           anynet.relay_connector - Using IPv4: 143.244.33.102
   info 2023-05-17 08:14:13.040       lsvc   main  14866 170072    9                  fiber.scheduler - Spawning root fiber 83.
   info 2023-05-17 08:14:13.123       lsvc   main  14866 170072    9           anynet.relay_connector - Cipher: ECDHE-ECDSA-AES256-GCM-SHA384 TLSv1.2 Kx=ECDH Au=ECDSA Enc=AESGCM(256) Mac=AEAD
   info 2023-05-17 08:14:13.123       lsvc   main  14866 170072    9                  fiber.scheduler - Spawning root fiber 84.
   info 2023-05-17 08:14:13.124       lsvc   main  14866 170072    9                        handshake - Using protocol version 3.
   info 2023-05-17 08:14:13.358       lsvc   main  14866 170072                       fiber.scheduler - Fiber 9 'relay_connector' (parent: 4 'main_relay_conn') requested quit of fiber 84.
   info 2023-05-17 08:14:13.358       lsvc   main  14866 170072   84                      fiber.fiber - Received quit.
   info 2023-05-17 08:14:13.358       lsvc   main  14866 170072                       fiber.scheduler - Fiber 84 terminated.
   info 2023-05-17 08:14:13.358       lsvc   main  14866 170072                       fiber.scheduler - Fiber 9 'relay_connector' (parent: 4 'main_relay_conn') requested quit of fiber 83.
   info 2023-05-17 08:14:13.358       lsvc   main  14866 170072   83                      fiber.fiber - Received quit.
   info 2023-05-17 08:14:13.358       lsvc   main  14866 170072                       fiber.scheduler - Fiber 83 terminated.
  error 2023-05-17 08:14:13.359       lsvc   main  14866 170072    9           anynet.relay_connector - Connection terminated: anynet_overload
  error 2023-05-17 08:14:13.359       lsvc   main  14866 170072    9           anynet.relay_connector - Connection failed (anynet_overload)
   info 2023-05-17 08:14:13.359       lsvc   main  14866 170072    9           anynet.relay_connector - Could not establish a connection. Switching to boot relays.
   info 2023-05-17 08:14:13.359       lsvc   main  14866 170072    9           anynet.relay_connector - Waiting for 16569 msecs.
   info 2023-05-17 08:14:29.986       lsvc   main  14866 170072    9           anynet.relay_connector - Start proxy search.
   info 2023-05-17 08:14:29.987       lsvc   main  14866 170072    9           anynet.relay_connector - Connecting to relay boot.net.anydesk.com (1/1)
   info 2023-05-17 08:14:29.987       lsvc   main  14866 170072    9           anynet.relay_connector - Skipping connect method connect_proxy_443 (1/6) (no proxy found)
   info 2023-05-17 08:14:29.987       lsvc   main  14866 170072    9           anynet.relay_connector - Skipping connect method connect_proxy_80 (2/6) (no proxy found)
   info 2023-05-17 08:14:29.987       lsvc   main  14866 170072    9           anynet.relay_connector - Skipping connect method socks_proxy_443 (3/6) (no proxy found)
   info 2023-05-17 08:14:29.991       lsvc   main  14866 170072    9           anynet.relay_connector - Using IPv4: 141.95.145.210
   info 2023-05-17 08:14:30.176       lsvc   main  14866 170072    9                  fiber.scheduler - Spawning root fiber 85.
   info 2023-05-17 08:14:30.360       lsvc   main  14866 170072                       fiber.scheduler - Fiber 9 'relay_connector' (parent: 4 'main_relay_conn') requested quit of fiber 85.
   info 2023-05-17 08:14:30.360       lsvc   main  14866 170072   85                      fiber.fiber - Received quit.
   info 2023-05-17 08:14:30.360       lsvc   main  14866 170072                       fiber.scheduler - Fiber 85 terminated.
  error 2023-05-17 08:14:30.360       lsvc   main  14866 170072    9           anynet.relay_connector - Connection failed (errno_54)
   info 2023-05-17 08:14:30.362       lsvc   main  14866 170072    9           anynet.relay_connector - Using IPv4: 141.95.145.210
   info 2023-05-17 08:14:30.371       lsvc   main  14866 170072    9                  fiber.scheduler - Spawning root fiber 86.
   info 2023-05-17 08:14:30.965       lsvc   main  14866 170072    9           anynet.relay_connector - Cipher: ECDHE-ECDSA-AES256-GCM-SHA384 TLSv1.2 Kx=ECDH Au=ECDSA Enc=AESGCM(256) Mac=AEAD
   info 2023-05-17 08:14:30.965       lsvc   main  14866 170072    9                  fiber.scheduler - Spawning root fiber 87.
   info 2023-05-17 08:14:30.973       lsvc   main  14866 170072    9                        handshake - Using protocol version 3.
   info 2023-05-17 08:14:31.169       lsvc   main  14866 170072                       fiber.scheduler - Fiber 9 'relay_connector' (parent: 4 'main_relay_conn') requested quit of fiber 87.
   info 2023-05-17 08:14:31.170       lsvc   main  14866 170072   87                      fiber.fiber - Received quit.
   info 2023-05-17 08:14:31.170       lsvc   main  14866 170072                       fiber.scheduler - Fiber 87 terminated.
   info 2023-05-17 08:14:31.170       lsvc   main  14866 170072                       fiber.scheduler - Fiber 9 'relay_connector' (parent: 4 'main_relay_conn') requested quit of fiber 86.
   info 2023-05-17 08:14:31.170       lsvc   main  14866 170072   86                      fiber.fiber - Received quit.
   info 2023-05-17 08:14:31.170       lsvc   main  14866 170072                       fiber.scheduler - Fiber 86 terminated.
   info 2023-05-17 08:14:31.170       lsvc   main  14866 170072    9           anynet.relay_connector - Connection terminated: anynet_invalid_zone
   info 2023-05-17 08:14:31.170       lsvc   main  14866 170072    9           anynet.relay_connector - Received a new server list (10 servers)
   info 2023-05-17 08:14:31.170       lsvc   main  14866 170072    9           anynet.relay_connector - Connecting to relay relay-eb4fe824.net.anydesk.com (1/10)
   info 2023-05-17 08:14:31.170       lsvc   main  14866 170072    9           anynet.relay_connector - Skipping connect method connect_proxy_443 (1/6) (no proxy found)
   info 2023-05-17 08:14:31.170       lsvc   main  14866 170072    9           anynet.relay_connector - Skipping connect method connect_proxy_80 (2/6) (no proxy found)
   info 2023-05-17 08:14:31.170       lsvc   main  14866 170072    9           anynet.relay_connector - Skipping connect method socks_proxy_443 (3/6) (no proxy found)
   info 2023-05-17 08:14:31.181       lsvc   main  14866 170072    9           anynet.relay_connector - Using IPv4: 103.107.198.22
   info 2023-05-17 08:14:31.217       lsvc   main  14866 170072    9                  fiber.scheduler - Spawning root fiber 88.
   info 2023-05-17 08:14:31.302       lsvc   main  14866 170072    9           anynet.relay_connector - Cipher: ECDHE-ECDSA-AES256-GCM-SHA384 TLSv1.2 Kx=ECDH Au=ECDSA Enc=AESGCM(256) Mac=AEAD
   info 2023-05-17 08:14:31.302       lsvc   main  14866 170072    9                  fiber.scheduler - Spawning root fiber 89.
   info 2023-05-17 08:14:31.304       lsvc   main  14866 170072    9                        handshake - Using protocol version 3.
   info 2023-05-17 08:14:31.554       lsvc   main  14866 170072                       fiber.scheduler - Fiber 9 'relay_connector' (parent: 4 'main_relay_conn') requested quit of fiber 89.
   info 2023-05-17 08:14:31.554       lsvc   main  14866 170072   89                      fiber.fiber - Received quit.
   info 2023-05-17 08:14:31.554       lsvc   main  14866 170072                       fiber.scheduler - Fiber 89 terminated.
   info 2023-05-17 08:14:31.554       lsvc   main  14866 170072                       fiber.scheduler - Fiber 9 'relay_connector' (parent: 4 'main_relay_conn') requested quit of fiber 88.
   info 2023-05-17 08:14:31.555       lsvc   main  14866 170072   88                      fiber.fiber - Received quit.
   info 2023-05-17 08:14:31.555       lsvc   main  14866 170072                       fiber.scheduler - Fiber 88 terminated.
  error 2023-05-17 08:14:31.555       lsvc   main  14866 170072    9           anynet.relay_connector - Connection terminated: anynet_overload
  error 2023-05-17 08:14:31.555       lsvc   main  14866 170072    9           anynet.relay_connector - Connection failed (anynet_overload)
   info 2023-05-17 08:14:31.558       lsvc   main  14866 170072    9           anynet.relay_connector - Using IPv4: 103.107.198.22
   info 2023-05-17 08:14:31.566       lsvc   main  14866 170072    9                  fiber.scheduler - Spawning root fiber 90.
   info 2023-05-17 08:14:31.678       lsvc   main  14866 170072    9           anynet.relay_connector - Cipher: ECDHE-ECDSA-AES256-GCM-SHA384 TLSv1.2 Kx=ECDH Au=ECDSA Enc=AESGCM(256) Mac=AEAD
   info 2023-05-17 08:14:31.678       lsvc   main  14866 170072    9                  fiber.scheduler - Spawning root fiber 91.
   info 2023-05-17 08:14:31.685       lsvc   main  14866 170072    9                        handshake - Using protocol version 3.
   info 2023-05-17 08:14:31.911       lsvc   main  14866 170072                       fiber.scheduler - Fiber 9 'relay_connector' (parent: 4 'main_relay_conn') requested quit of fiber 91.
   info 2023-05-17 08:14:31.911       lsvc   main  14866 170072   91                      fiber.fiber - Received quit.
   info 2023-05-17 08:14:31.911       lsvc   main  14866 170072                       fiber.scheduler - Fiber 91 terminated.
   info 2023-05-17 08:14:31.911       lsvc   main  14866 170072                       fiber.scheduler - Fiber 9 'relay_connector' (parent: 4 'main_relay_conn') requested quit of fiber 90.
   info 2023-05-17 08:14:31.911       lsvc   main  14866 170072   90                      fiber.fiber - Received quit.
   info 2023-05-17 08:14:31.911       lsvc   main  14866 170072                       fiber.scheduler - Fiber 90 terminated.
  error 2023-05-17 08:14:31.911       lsvc   main  14866 170072    9           anynet.relay_connector - Connection terminated: anynet_overload
  error 2023-05-17 08:14:31.911       lsvc   main  14866 170072    9           anynet.relay_connector - Connection failed (anynet_overload)
   info 2023-05-17 08:14:31.914       lsvc   main  14866 170072    9           anynet.relay_connector - Using IPv4: 103.107.198.22
   info 2023-05-17 08:14:31.949       lsvc   main  14866 170072    9                  fiber.scheduler - Spawning root fiber 92.
   info 2023-05-17 08:14:32.033       lsvc   main  14866 170072    9           anynet.relay_connector - Cipher: ECDHE-ECDSA-AES256-GCM-SHA384 TLSv1.2 Kx=ECDH Au=ECDSA Enc=AESGCM(256) Mac=AEAD
   info 2023-05-17 08:14:32.033       lsvc   main  14866 170072    9                  fiber.scheduler - Spawning root fiber 93.
   info 2023-05-17 08:14:32.034       lsvc   main  14866 170072    9                        handshake - Using protocol version 3.
   info 2023-05-17 08:14:32.271       lsvc   main  14866 170072                       fiber.scheduler - Fiber 9 'relay_connector' (parent: 4 'main_relay_conn') requested quit of fiber 93.
   info 2023-05-17 08:14:32.271       lsvc   main  14866 170072   93                      fiber.fiber - Received quit.
   info 2023-05-17 08:14:32.271       lsvc   main  14866 170072                       fiber.scheduler - Fiber 93 terminated.
   info 2023-05-17 08:14:32.271       lsvc   main  14866 170072                       fiber.scheduler - Fiber 9 'relay_connector' (parent: 4 'main_relay_conn') requested quit of fiber 92.
   info 2023-05-17 08:14:32.271       lsvc   main  14866 170072   92                      fiber.fiber - Received quit.
   info 2023-05-17 08:14:32.271       lsvc   main  14866 170072                       fiber.scheduler - Fiber 92 terminated.
  error 2023-05-17 08:14:32.271       lsvc   main  14866 170072    9           anynet.relay_connector - Connection terminated: anynet_overload
  error 2023-05-17 08:14:32.271       lsvc   main  14866 170072    9           anynet.relay_connector - Connection failed (anynet_overload)
   info 2023-05-17 08:14:32.271       lsvc   main  14866 170072    9           anynet.relay_connector - Connecting to relay relay-78eec896.net.anydesk.com (2/10)
   info 2023-05-17 08:14:32.271       lsvc   main  14866 170072    9           anynet.relay_connector - Skipping connect method connect_proxy_443 (1/6) (no proxy found)
   info 2023-05-17 08:14:32.271       lsvc   main  14866 170072    9           anynet.relay_connector - Skipping connect method connect_proxy_80 (2/6) (no proxy found)
   info 2023-05-17 08:14:32.271       lsvc   main  14866 170072    9           anynet.relay_connector - Skipping connect method socks_proxy_443 (3/6) (no proxy found)
   info 2023-05-17 08:14:32.280       lsvc   main  14866 170072    9           anynet.relay_connector - Using IPv4: 23.111.12.24
   info 2023-05-17 08:14:32.314       lsvc   main  14866 170072    9                  fiber.scheduler - Spawning root fiber 94.
   info 2023-05-17 08:14:32.406       lsvc   main  14866 170072    9           anynet.relay_connector - Cipher: ECDHE-ECDSA-AES256-GCM-SHA384 TLSv1.2 Kx=ECDH Au=ECDSA Enc=AESGCM(256) Mac=AEAD
   info 2023-05-17 08:14:32.406       lsvc   main  14866 170072    9                  fiber.scheduler - Spawning root fiber 95.
   info 2023-05-17 08:14:32.407       lsvc   main  14866 170072    9                        handshake - Using protocol version 3.
   info 2023-05-17 08:14:32.671       lsvc   main  14866 170072                       fiber.scheduler - Fiber 9 'relay_connector' (parent: 4 'main_relay_conn') requested quit of fiber 95.
   info 2023-05-17 08:14:32.671       lsvc   main  14866 170072   95                      fiber.fiber - Received quit.
   info 2023-05-17 08:14:32.671       lsvc   main  14866 170072                       fiber.scheduler - Fiber 95 terminated.
   info 2023-05-17 08:14:32.671       lsvc   main  14866 170072                       fiber.scheduler - Fiber 9 'relay_connector' (parent: 4 'main_relay_conn') requested quit of fiber 94.
   info 2023-05-17 08:14:32.671       lsvc   main  14866 170072   94                      fiber.fiber - Received quit.
   info 2023-05-17 08:14:32.671       lsvc   main  14866 170072                       fiber.scheduler - Fiber 94 terminated.
  error 2023-05-17 08:14:32.671       lsvc   main  14866 170072    9           anynet.relay_connector - Connection terminated: anynet_overload
  error 2023-05-17 08:14:32.671       lsvc   main  14866 170072    9           anynet.relay_connector - Connection failed (anynet_overload)
   info 2023-05-17 08:14:32.674       lsvc   main  14866 170072    9           anynet.relay_connector - Using IPv4: 23.111.12.24
   info 2023-05-17 08:14:32.683       lsvc   main  14866 170072    9                  fiber.scheduler - Spawning root fiber 96.
   info 2023-05-17 08:14:32.800       lsvc   main  14866 170072    9           anynet.relay_connector - Cipher: ECDHE-ECDSA-AES256-GCM-SHA384 TLSv1.2 Kx=ECDH Au=ECDSA Enc=AESGCM(256) Mac=AEAD
   info 2023-05-17 08:14:32.800       lsvc   main  14866 170072    9                  fiber.scheduler - Spawning root fiber 97.
   info 2023-05-17 08:14:32.808       lsvc   main  14866 170072    9                        handshake - Using protocol version 3.
   info 2023-05-17 08:14:33.082       lsvc   main  14866 170072                       fiber.scheduler - Fiber 9 'relay_connector' (parent: 4 'main_relay_conn') requested quit of fiber 97.
   info 2023-05-17 08:14:33.082       lsvc   main  14866 170072   97                      fiber.fiber - Received quit.
   info 2023-05-17 08:14:33.082       lsvc   main  14866 170072                       fiber.scheduler - Fiber 97 terminated.
   info 2023-05-17 08:14:33.082       lsvc   main  14866 170072                       fiber.scheduler - Fiber 9 'relay_connector' (parent: 4 'main_relay_conn') requested quit of fiber 96.
   info 2023-05-17 08:14:33.082       lsvc   main  14866 170072   96                      fiber.fiber - Received quit.
   info 2023-05-17 08:14:33.082       lsvc   main  14866 170072                       fiber.scheduler - Fiber 96 terminated.
  error 2023-05-17 08:14:33.082       lsvc   main  14866 170072    9           anynet.relay_connector - Connection terminated: anynet_overload
  error 2023-05-17 08:14:33.082       lsvc   main  14866 170072    9           anynet.relay_connector - Connection failed (anynet_overload)
   info 2023-05-17 08:14:33.085       lsvc   main  14866 170072    9           anynet.relay_connector - Using IPv4: 23.111.12.24
   info 2023-05-17 08:14:33.118       lsvc   main  14866 170072    9                  fiber.scheduler - Spawning root fiber 98.
   info 2023-05-17 08:14:33.203       lsvc   main  14866 170072    9           anynet.relay_connector - Cipher: ECDHE-ECDSA-AES256-GCM-SHA384 TLSv1.2 Kx=ECDH Au=ECDSA Enc=AESGCM(256) Mac=AEAD
   info 2023-05-17 08:14:33.203       lsvc   main  14866 170072    9                  fiber.scheduler - Spawning root fiber 99.
   info 2023-05-17 08:14:33.205       lsvc   main  14866 170072    9                        handshake - Using protocol version 3.
   info 2023-05-17 08:14:33.439       lsvc   main  14866 170072                       fiber.scheduler - Fiber 9 'relay_connector' (parent: 4 'main_relay_conn') requested quit of fiber 99.
   info 2023-05-17 08:14:33.439       lsvc   main  14866 170072   99                      fiber.fiber - Received quit.
   info 2023-05-17 08:14:33.439       lsvc   main  14866 170072                       fiber.scheduler - Fiber 99 terminated.
   info 2023-05-17 08:14:33.439       lsvc   main  14866 170072                       fiber.scheduler - Fiber 9 'relay_connector' (parent: 4 'main_relay_conn') requested quit of fiber 98.
   info 2023-05-17 08:14:33.439       lsvc   main  14866 170072   98                      fiber.fiber - Received quit.
   info 2023-05-17 08:14:33.439       lsvc   main  14866 170072                       fiber.scheduler - Fiber 98 terminated.
  error 2023-05-17 08:14:33.440       lsvc   main  14866 170072    9           anynet.relay_connector - Connection terminated: anynet_overload
  error 2023-05-17 08:14:33.440       lsvc   main  14866 170072    9           anynet.relay_connector - Connection failed (anynet_overload)
   info 2023-05-17 08:14:33.440       lsvc   main  14866 170072    9           anynet.relay_connector - Connecting to relay relay-6679c4ed.net.anydesk.com (3/10)
   info 2023-05-17 08:14:33.440       lsvc   main  14866 170072    9           anynet.relay_connector - Skipping connect method connect_proxy_443 (1/6) (no proxy found)
   info 2023-05-17 08:14:33.440       lsvc   main  14866 170072    9           anynet.relay_connector - Skipping connect method connect_proxy_80 (2/6) (no proxy found)
   info 2023-05-17 08:14:33.440       lsvc   main  14866 170072    9           anynet.relay_connector - Skipping connect method socks_proxy_443 (3/6) (no proxy found)
   info 2023-05-17 08:14:33.450       lsvc   main  14866 170072    9           anynet.relay_connector - Using IPv4: 23.111.12.2
   info 2023-05-17 08:14:33.489       lsvc   main  14866 170072    9                  fiber.scheduler - Spawning root fiber 100.
   info 2023-05-17 08:14:33.574       lsvc   main  14866 170072    9           anynet.relay_connector - Cipher: ECDHE-ECDSA-AES256-GCM-SHA384 TLSv1.2 Kx=ECDH Au=ECDSA Enc=AESGCM(256) Mac=AEAD
   info 2023-05-17 08:14:33.575       lsvc   main  14866 170072    9                  fiber.scheduler - Spawning root fiber 101.
   info 2023-05-17 08:14:33.576       lsvc   main  14866 170072    9                        handshake - Using protocol version 3.
   info 2023-05-17 08:14:33.803       lsvc   main  14866 170072                       fiber.scheduler - Fiber 9 'relay_connector' (parent: 4 'main_relay_conn') requested quit of fiber 101.
   info 2023-05-17 08:14:33.803       lsvc   main  14866 170072  101                      fiber.fiber - Received quit.
   info 2023-05-17 08:14:33.803       lsvc   main  14866 170072                       fiber.scheduler - Fiber 101 terminated.
   info 2023-05-17 08:14:33.803       lsvc   main  14866 170072                       fiber.scheduler - Fiber 9 'relay_connector' (parent: 4 'main_relay_conn') requested quit of fiber 100.
   info 2023-05-17 08:14:33.803       lsvc   main  14866 170072  100                      fiber.fiber - Received quit.
   info 2023-05-17 08:14:33.803       lsvc   main  14866 170072                       fiber.scheduler - Fiber 100 terminated.
  error 2023-05-17 08:14:33.804       lsvc   main  14866 170072    9           anynet.relay_connector - Connection terminated: anynet_overload
  error 2023-05-17 08:14:33.804       lsvc   main  14866 170072    9           anynet.relay_connector - Connection failed (anynet_overload)
   info 2023-05-17 08:14:33.806       lsvc   main  14866 170072    9           anynet.relay_connector - Using IPv4: 23.111.12.2
   info 2023-05-17 08:14:33.815       lsvc   main  14866 170072    9                  fiber.scheduler - Spawning root fiber 102.
   info 2023-05-17 08:14:33.937       lsvc   main  14866 170072    9           anynet.relay_connector - Cipher: ECDHE-ECDSA-AES256-GCM-SHA384 TLSv1.2 Kx=ECDH Au=ECDSA Enc=AESGCM(256) Mac=AEAD
   info 2023-05-17 08:14:33.937       lsvc   main  14866 170072    9                  fiber.scheduler - Spawning root fiber 103.
   info 2023-05-17 08:14:33.945       lsvc   main  14866 170072    9                        handshake - Using protocol version 3.
   info 2023-05-17 08:14:34.222       lsvc   main  14866 170072                       fiber.scheduler - Fiber 9 'relay_connector' (parent: 4 'main_relay_conn') requested quit of fiber 103.
   info 2023-05-17 08:14:34.223       lsvc   main  14866 170072  103                      fiber.fiber - Received quit.
   info 2023-05-17 08:14:34.223       lsvc   main  14866 170072                       fiber.scheduler - Fiber 103 terminated.
   info 2023-05-17 08:14:34.223       lsvc   main  14866 170072                       fiber.scheduler - Fiber 9 'relay_connector' (parent: 4 'main_relay_conn') requested quit of fiber 102.
   info 2023-05-17 08:14:34.223       lsvc   main  14866 170072  102                      fiber.fiber - Received quit.
   info 2023-05-17 08:14:34.223       lsvc   main  14866 170072                       fiber.scheduler - Fiber 102 terminated.
  error 2023-05-17 08:14:34.223       lsvc   main  14866 170072    9           anynet.relay_connector - Connection terminated: anynet_overload
  error 2023-05-17 08:14:34.223       lsvc   main  14866 170072    9           anynet.relay_connector - Connection failed (anynet_overload)
   info 2023-05-17 08:14:34.226       lsvc   main  14866 170072    9           anynet.relay_connector - Using IPv4: 23.111.12.2
   info 2023-05-17 08:14:34.260       lsvc   main  14866 170072    9                  fiber.scheduler - Spawning root fiber 104.
   info 2023-05-17 08:14:34.349       lsvc   main  14866 170072    9           anynet.relay_connector - Cipher: ECDHE-ECDSA-AES256-GCM-SHA384 TLSv1.2 Kx=ECDH Au=ECDSA Enc=AESGCM(256) Mac=AEAD
   info 2023-05-17 08:14:34.349       lsvc   main  14866 170072    9                  fiber.scheduler - Spawning root fiber 105.
   info 2023-05-17 08:14:34.350       lsvc   main  14866 170072    9                        handshake - Using protocol version 3.
   info 2023-05-17 08:14:34.576       lsvc   main  14866 170072                       fiber.scheduler - Fiber 9 'relay_connector' (parent: 4 'main_relay_conn') requested quit of fiber 105.
   info 2023-05-17 08:14:34.576       lsvc   main  14866 170072  105                      fiber.fiber - Received quit.
   info 2023-05-17 08:14:34.576       lsvc   main  14866 170072                       fiber.scheduler - Fiber 105 terminated.
   info 2023-05-17 08:14:34.576       lsvc   main  14866 170072                       fiber.scheduler - Fiber 9 'relay_connector' (parent: 4 'main_relay_conn') requested quit of fiber 104.
   info 2023-05-17 08:14:34.576       lsvc   main  14866 170072  104                      fiber.fiber - Received quit.
   info 2023-05-17 08:14:34.576       lsvc   main  14866 170072                       fiber.scheduler - Fiber 104 terminated.
  error 2023-05-17 08:14:34.577       lsvc   main  14866 170072    9           anynet.relay_connector - Connection terminated: anynet_overload
  error 2023-05-17 08:14:34.577       lsvc   main  14866 170072    9           anynet.relay_connector - Connection failed (anynet_overload)
   info 2023-05-17 08:14:34.577       lsvc   main  14866 170072    9           anynet.relay_connector - Connecting to relay relay-acbf7423.net.anydesk.com (4/10)
   info 2023-05-17 08:14:34.577       lsvc   main  14866 170072    9           anynet.relay_connector - Skipping connect method connect_proxy_443 (1/6) (no proxy found)
   info 2023-05-17 08:14:34.577       lsvc   main  14866 170072    9           anynet.relay_connector - Skipping connect method connect_proxy_80 (2/6) (no proxy found)
   info 2023-05-17 08:14:34.577       lsvc   main  14866 170072    9           anynet.relay_connector - Skipping connect method socks_proxy_443 (3/6) (no proxy found)
   info 2023-05-17 08:14:34.588       lsvc   main  14866 170072    9           anynet.relay_connector - Using IPv4: 203.27.106.9
   info 2023-05-17 08:14:34.621       lsvc   main  14866 170072    9                  fiber.scheduler - Spawning root fiber 106.
   info 2023-05-17 08:14:34.703       lsvc   main  14866 170072    9           anynet.relay_connector - Cipher: ECDHE-ECDSA-AES256-GCM-SHA384 TLSv1.2 Kx=ECDH Au=ECDSA Enc=AESGCM(256) Mac=AEAD
   info 2023-05-17 08:14:34.704       lsvc   main  14866 170072    9                  fiber.scheduler - Spawning root fiber 107.
   info 2023-05-17 08:14:34.705       lsvc   main  14866 170072    9                        handshake - Using protocol version 3.
   info 2023-05-17 08:14:34.960       lsvc   main  14866 170072                       fiber.scheduler - Fiber 9 'relay_connector' (parent: 4 'main_relay_conn') requested quit of fiber 107.
   info 2023-05-17 08:14:34.961       lsvc   main  14866 170072  107                      fiber.fiber - Received quit.
   info 2023-05-17 08:14:34.961       lsvc   main  14866 170072                       fiber.scheduler - Fiber 107 terminated.
   info 2023-05-17 08:14:34.961       lsvc   main  14866 170072                       fiber.scheduler - Fiber 9 'relay_connector' (parent: 4 'main_relay_conn') requested quit of fiber 106.
   info 2023-05-17 08:14:34.961       lsvc   main  14866 170072  106                      fiber.fiber - Received quit.
   info 2023-05-17 08:14:34.961       lsvc   main  14866 170072                       fiber.scheduler - Fiber 106 terminated.
  error 2023-05-17 08:14:34.961       lsvc   main  14866 170072    9           anynet.relay_connector - Connection terminated: anynet_overload
  error 2023-05-17 08:14:34.961       lsvc   main  14866 170072    9           anynet.relay_connector - Connection failed (anynet_overload)
   info 2023-05-17 08:14:34.964       lsvc   main  14866 170072    9           anynet.relay_connector - Using IPv4: 203.27.106.9
   info 2023-05-17 08:14:34.972       lsvc   main  14866 170072    9                  fiber.scheduler - Spawning root fiber 108.
   info 2023-05-17 08:14:35.085       lsvc   main  14866 170072    9           anynet.relay_connector - Cipher: ECDHE-ECDSA-AES256-GCM-SHA384 TLSv1.2 Kx=ECDH Au=ECDSA Enc=AESGCM(256) Mac=AEAD
   info 2023-05-17 08:14:35.086       lsvc   main  14866 170072    9                  fiber.scheduler - Spawning root fiber 109.
   info 2023-05-17 08:14:35.093       lsvc   main  14866 170072    9                        handshake - Using protocol version 3.
   info 2023-05-17 08:14:35.318       lsvc   main  14866 170072                       fiber.scheduler - Fiber 9 'relay_connector' (parent: 4 'main_relay_conn') requested quit of fiber 109.
   info 2023-05-17 08:14:35.318       lsvc   main  14866 170072  109                      fiber.fiber - Received quit.
   info 2023-05-17 08:14:35.318       lsvc   main  14866 170072                       fiber.scheduler - Fiber 109 terminated.
   info 2023-05-17 08:14:35.318       lsvc   main  14866 170072                       fiber.scheduler - Fiber 9 'relay_connector' (parent: 4 'main_relay_conn') requested quit of fiber 108.
   info 2023-05-17 08:14:35.318       lsvc   main  14866 170072  108                      fiber.fiber - Received quit.
   info 2023-05-17 08:14:35.318       lsvc   main  14866 170072                       fiber.scheduler - Fiber 108 terminated.
  error 2023-05-17 08:14:35.318       lsvc   main  14866 170072    9           anynet.relay_connector - Connection terminated: anynet_overload
  error 2023-05-17 08:14:35.318       lsvc   main  14866 170072    9           anynet.relay_connector - Connection failed (anynet_overload)
   info 2023-05-17 08:14:35.321       lsvc   main  14866 170072    9           anynet.relay_connector - Using IPv4: 203.27.106.9
   info 2023-05-17 08:14:35.356       lsvc   main  14866 170072    9                  fiber.scheduler - Spawning root fiber 110.
   info 2023-05-17 08:14:35.441       lsvc   main  14866 170072    9           anynet.relay_connector - Cipher: ECDHE-ECDSA-AES256-GCM-SHA384 TLSv1.2 Kx=ECDH Au=ECDSA Enc=AESGCM(256) Mac=AEAD
   info 2023-05-17 08:14:35.441       lsvc   main  14866 170072    9                  fiber.scheduler - Spawning root fiber 111.
   info 2023-05-17 08:14:35.442       lsvc   main  14866 170072    9                        handshake - Using protocol version 3.
   info 2023-05-17 08:14:35.676       lsvc   main  14866 170072                       fiber.scheduler - Fiber 9 'relay_connector' (parent: 4 'main_relay_conn') requested quit of fiber 111.
   info 2023-05-17 08:14:35.676       lsvc   main  14866 170072  111                      fiber.fiber - Received quit.
   info 2023-05-17 08:14:35.676       lsvc   main  14866 170072                       fiber.scheduler - Fiber 111 terminated.
   info 2023-05-17 08:14:35.676       lsvc   main  14866 170072                       fiber.scheduler - Fiber 9 'relay_connector' (parent: 4 'main_relay_conn') requested quit of fiber 110.
   info 2023-05-17 08:14:35.676       lsvc   main  14866 170072  110                      fiber.fiber - Received quit.
   info 2023-05-17 08:14:35.676       lsvc   main  14866 170072                       fiber.scheduler - Fiber 110 terminated.
  error 2023-05-17 08:14:35.676       lsvc   main  14866 170072    9           anynet.relay_connector - Connection terminated: anynet_overload
  error 2023-05-17 08:14:35.676       lsvc   main  14866 170072    9           anynet.relay_connector - Connection failed (anynet_overload)
   info 2023-05-17 08:14:35.676       lsvc   main  14866 170072    9           anynet.relay_connector - Connecting to relay relay-9bda7e08.net.anydesk.com (5/10)
   info 2023-05-17 08:14:35.676       lsvc   main  14866 170072    9           anynet.relay_connector - Skipping connect method connect_proxy_443 (1/6) (no proxy found)
   info 2023-05-17 08:14:35.676       lsvc   main  14866 170072    9           anynet.relay_connector - Skipping connect method connect_proxy_80 (2/6) (no proxy found)
   info 2023-05-17 08:14:35.677       lsvc   main  14866 170072    9           anynet.relay_connector - Skipping connect method socks_proxy_443 (3/6) (no proxy found)
   info 2023-05-17 08:14:35.690       lsvc   main  14866 170072    9           anynet.relay_connector - Using IPv4: 23.108.101.68
   info 2023-05-17 08:14:35.725       lsvc   main  14866 170072    9                  fiber.scheduler - Spawning root fiber 112.
   info 2023-05-17 08:14:35.811       lsvc   main  14866 170072    9           anynet.relay_connector - Cipher: ECDHE-ECDSA-AES256-GCM-SHA384 TLSv1.2 Kx=ECDH Au=ECDSA Enc=AESGCM(256) Mac=AEAD
   info 2023-05-17 08:14:35.812       lsvc   main  14866 170072    9                  fiber.scheduler - Spawning root fiber 113.
   info 2023-05-17 08:14:35.828       lsvc   main  14866 170072    9                        handshake - Using protocol version 3.
   info 2023-05-17 08:14:36.098       lsvc   main  14866 170072                       fiber.scheduler - Fiber 9 'relay_connector' (parent: 4 'main_relay_conn') requested quit of fiber 113.
   info 2023-05-17 08:14:36.098       lsvc   main  14866 170072  113                      fiber.fiber - Received quit.
   info 2023-05-17 08:14:36.098       lsvc   main  14866 170072                       fiber.scheduler - Fiber 113 terminated.
   info 2023-05-17 08:14:36.098       lsvc   main  14866 170072                       fiber.scheduler - Fiber 9 'relay_connector' (parent: 4 'main_relay_conn') requested quit of fiber 112.
   info 2023-05-17 08:14:36.099       lsvc   main  14866 170072  112                      fiber.fiber - Received quit.
   info 2023-05-17 08:14:36.099       lsvc   main  14866 170072                       fiber.scheduler - Fiber 112 terminated.
  error 2023-05-17 08:14:36.099       lsvc   main  14866 170072    9           anynet.relay_connector - Connection terminated: anynet_overload
  error 2023-05-17 08:14:36.099       lsvc   main  14866 170072    9           anynet.relay_connector - Connection failed (anynet_overload)
   info 2023-05-17 08:14:36.101       lsvc   main  14866 170072    9           anynet.relay_connector - Using IPv4: 23.108.101.68
   info 2023-05-17 08:14:36.140       lsvc   main  14866 170072    9                  fiber.scheduler - Spawning root fiber 114.
   info 2023-05-17 08:14:36.229       lsvc   main  14866 170072    9           anynet.relay_connector - Cipher: ECDHE-ECDSA-AES256-GCM-SHA384 TLSv1.2 Kx=ECDH Au=ECDSA Enc=AESGCM(256) Mac=AEAD
   info 2023-05-17 08:14:36.230       lsvc   main  14866 170072    9                  fiber.scheduler - Spawning root fiber 115.
   info 2023-05-17 08:14:36.231       lsvc   main  14866 170072    9                        handshake - Using protocol version 3.
   info 2023-05-17 08:14:36.914       lsvc   main  14866 170072    9           anynet.relay_connector - Connection established.
   info 2023-05-17 08:14:36.914       lsvc   main  14866 170072    9           anynet.relay_connector - Relay connector stopped.
   info 2023-05-17 08:14:36.914       lsvc   main  14866 170072                       fiber.scheduler - Fiber 9 'relay_connector' (parent: 4 'main_relay_conn') terminated.
   info 2023-05-17 08:14:36.918       lsvc   main  14866 170072    4           anynet.main_relay_conn - Network ID: main
   info 2023-05-17 08:14:36.919       lsvc   main  14866 170072    4                anynet.relay_conn - External address: 49.228.105.7:21670.
   info 2023-05-17 08:14:36.919       lsvc   main  14866 170072    4           anynet.main_relay_conn - Main relay ID: 9bda7e08
   info 2023-05-17 08:14:37.017       lsvc   main  14866 170072    4           anynet.main_relay_conn - Detected 2 new networks.
  error 2023-05-17 08:14:37.017       lsvc   main  14866 170072    2          license_service_adapter - Unhandled message. (license_msg_t)
  error 2023-05-17 08:14:37.017       lsvc   main  14866 170072    2          license_service_adapter - Unhandled message. (connect_msg_t)
  error 2023-05-17 08:14:37.017       lsvc   main  14866 170072    2          license_service_adapter - Unhandled message. (user_data_msg_t)
   info 2023-05-17 08:14:37.017       lsvc   main  14866 170072    3            anynet.connection_mgr - Main relay connection established.
   info 2023-05-17 08:14:37.018       lsvc   main  14866 170072    3            anynet.connection_mgr - New user data. Client-ID: 762494695.
warning 2023-05-17 08:14:37.018       lsvc   main  14866 170072    4                      anynet.conn - Could not send login token. unavailable (66).
warning 2023-05-17 08:14:37.018       lsvc   main  14866 170072    4                      anynet.conn - Could not send login token. unavailable (47).
   info 2023-05-17 08:14:37.279      front   wrk2  14864 170096                      mac_app.frontend - Received new license info
  error 2023-05-17 08:14:37.296      front   wrk2  14864 170096         mac_app.helper_tool_interface - Global files not found.
   info 2023-05-17 08:14:37.406       lsvc   main  14866 170072    1                    app.discovery - Starting.
   info 2023-05-17 08:14:37.407       lsvc   main  14866 170072    1                  fiber.scheduler - Spawning root fiber 116 'discovery'.
   info 2023-05-17 08:14:37.407       lsvc   main  14866 170072    1                      app.service - License backend service status changed (0->1)
   info 2023-05-17 08:14:37.407       lsvc   main  14866 170072  116                    app.discovery - Current Discovery revision: 0
   info 2023-05-17 08:14:37.407       lsvc   main  14866 170072  116                    app.discovery - Joined multicast group 239.255.102.18:50001.
   info 2023-05-17 08:14:37.407       lsvc   main  14866 170072  116                    app.discovery - Bound to port: 50001
   info 2023-05-17 08:14:37.407       lsvc   main  14866 170072  116                anynet.udp_socket - Multicast loop option set to 0
   info 2023-05-17 08:14:37.412       lsvc   main  14866 170072  116                    app.discovery - Discovery fiber started.
  error 2023-05-17 08:14:37.419      front   wrk1  14864 170095         mac_app.helper_tool_interface - Global files not found.
   info 2023-05-17 08:15:11.591      front   main  14864 170032                      mac_app.frontend - Sending a connection request for address 1090681229.
   info 2023-05-17 08:15:11.593      front   timr  14864 170867          base.signal.local.timer_impl - Initialized master timer.
   info 2023-05-17 08:15:11.593      front   timr  14864 170868          base.signal.local.timer_impl - Initialized master timer.
   info 2023-05-17 08:15:11.596       lsvc   main  14866 170072    1                      app.service - New IPC connection.
   info 2023-05-17 08:15:11.596       lsvc   main  14866 170072    1                  fiber.scheduler - Spawning child fiber 117 'ipc_connection' (parent: 1).
   info 2023-05-17 08:15:11.596       lsvc   main  14866 170072  117                      app.service - Creating an IPC accept socket.
   info 2023-05-17 08:15:11.597       lsvc   main  14866 170072  117                      app.service - Connected to 14864 (frontend).
   info 2023-05-17 08:15:11.642      front   main  14864 170032                      mac_app.frontend - preventing sleep for frontend user
   info 2023-05-17 08:15:11.960      front   ctrl  14864 170093                  app.frontend_session - Requesting session.
   info 2023-05-17 08:15:11.960      front   main  14864 170032                      mac_app.frontend - Session count: 1
   info 2023-05-17 08:15:11.961       lsvc   main  14866 170072  117                      app.service - Received outgoing connection request for address 1090681229 (direct).
   info 2023-05-17 08:15:11.963       lsvc   main  14866 170072  117                      app.session - Session features: deskrt, clipboard, chat, audio, input, tcp_tunnel.
   info 2023-05-17 08:15:11.963       lsvc   main  14866 170072  117                      app.service - Creating remote control session.
   info 2023-05-17 08:15:11.963       lsvc   main  14866 170072  117         anynet.client_packetizer - Adjusted send buffer: 8192
   info 2023-05-17 08:15:11.964       lsvc   main  14866 170072  117                anynet.any_socket - Keepalive is disabled
   info 2023-05-17 08:15:11.964       lsvc   main  14866 170072  117                      app.session - 1: Connecting to "1090681229"
   info 2023-05-17 08:15:11.964       lsvc   main  14866 170072  117                  fiber.scheduler - Spawning root fiber 118.
   info 2023-05-17 08:15:11.964       lsvc   main  14866 170072  118                anynet.any_socket - Connect fiber spawned.
   info 2023-05-17 08:15:11.964       lsvc   main  14866 170072  118                anynet.any_socket - Connecting to 1090681229.
   info 2023-05-17 08:15:11.964       lsvc   main  14866 170072  118                anynet.any_socket - Retrieving client information.
warning 2023-05-17 08:15:11.964       lsvc   main  14866 170072    4                      anynet.conn - Could not send login token. unavailable (6).
   info 2023-05-17 08:15:12.644       lsvc   main  14866 170072  118                anynet.any_socket - Client-ID: 1090681229 (FPR: 91cca3ba9ba2).
   info 2023-05-17 08:15:12.644       lsvc   main  14866 170072  118                anynet.any_socket - Logged in from 49.49.223.96:64125 on relay 44ae70a8.
   info 2023-05-17 08:15:12.644       lsvc   main  14866 170072  118            anynet.connection_mgr - Making a new connection to client 91cca3ba9ba23ef44deee9aa634a935b7d6a4a6e.
   info 2023-05-17 08:15:12.645       lsvc   main  14866 170072  118                  fiber.scheduler - Spawning root fiber 119.
   info 2023-05-17 08:15:12.645       lsvc   main  14866 170072  118                anynet.any_socket - Sending a connect request (on the clients relay).
   info 2023-05-17 08:15:12.645       lsvc   main  14866 170072  118            anynet.connection_mgr - Making a new connection to relay 44ae70a8.
   info 2023-05-17 08:15:12.645       lsvc   main  14866 170072  118                  fiber.scheduler - Spawning root fiber 120.
   info 2023-05-17 08:15:12.645       lsvc   main  14866 170072  118                      anynet.conn - Request before connect. Queueing.
   info 2023-05-17 08:15:12.645       lsvc   main  14866 170072  119                  fiber.scheduler - Spawning child fiber 121 (parent: 119).
   info 2023-05-17 08:15:12.645       lsvc   main  14866 170072  120                  fiber.scheduler - Spawning child fiber 122 'relay_connector' (parent: 120).
   info 2023-05-17 08:15:12.645       lsvc   main  14866 170072  122           anynet.relay_connector - Relay connector started.
   info 2023-05-17 08:15:12.645       lsvc   main  14866 170072  122           anynet.relay_connector - Start proxy search.
   info 2023-05-17 08:15:12.645       lsvc   main  14866 170072  122           anynet.relay_connector - Connecting to relay relay-44ae70a8.net.anydesk.com (1/1)
   info 2023-05-17 08:15:12.646       lsvc   main  14866 170072  122           anynet.relay_connector - Using IPv4: 203.27.106.3
   info 2023-05-17 08:15:12.655       lsvc   main  14866 170072  122                  fiber.scheduler - Spawning root fiber 123.
   info 2023-05-17 08:15:12.762       lsvc   main  14866 170072  122           anynet.relay_connector - Cipher: ECDHE-ECDSA-AES256-GCM-SHA384 TLSv1.2 Kx=ECDH Au=ECDSA Enc=AESGCM(256) Mac=AEAD
   info 2023-05-17 08:15:12.762       lsvc   main  14866 170072  122                  fiber.scheduler - Spawning root fiber 124.
   info 2023-05-17 08:15:12.770       lsvc   main  14866 170072  122                        handshake - Using protocol version 3.
   info 2023-05-17 08:15:13.373       lsvc   main  14866 170072  122           anynet.relay_connector - Connection established.
   info 2023-05-17 08:15:13.373       lsvc   main  14866 170072  122           anynet.relay_connector - Relay connector stopped.
   info 2023-05-17 08:15:13.373       lsvc   main  14866 170072                       fiber.scheduler - Fiber 122 'relay_connector' (parent: 120) terminated.
   info 2023-05-17 08:15:13.374       lsvc   main  14866 170072  120                anynet.relay_conn - External address: 49.228.105.7:51394.
   info 2023-05-17 08:15:13.374       lsvc   main  14866 170072  120           anynet.supp_relay_conn - Relay ID: 44ae70a8
warning 2023-05-17 08:15:13.374       lsvc   main  14866 170072  120                      anynet.conn - Could not send login token. unavailable (8).
   info 2023-05-17 08:15:13.374       lsvc   main  14866 170072  120                anynet.relay_conn - Punch socket set up on port 51394.
   info 2023-05-17 08:15:13.374       lsvc   main  14866 170072    3            anynet.connection_mgr - Supplementary relay connection to 44ae70a8 established.
   info 2023-05-17 08:15:15.096       lsvc   main  14866 170072  118                anynet.any_socket - Connect request accepted, tunnel route created.
   info 2023-05-17 08:15:15.096       lsvc   main  14866 170072  118                anynet.any_socket - Local vport: 10, Remote vport: 10, SID: 1684299313312917
   info 2023-05-17 08:15:15.096       lsvc   main  14866 170072  118                anynet.any_socket - Sending 0 queued blobs.
   info 2023-05-17 08:15:15.096       lsvc   main  14866 170072  118                anynet.any_socket - Initiating the managed connection.
warning 2023-05-17 08:15:15.096       lsvc   main  14866 170072  118                anynet.any_socket - Unexpected: connect_msg_t.
   info 2023-05-17 08:15:15.096       lsvc   main  14866 170072  121           anynet.punch_connector - Spawning fibers for 3 potential connect addresses.
   info 2023-05-17 08:15:15.096       lsvc   main  14866 170072  121           anynet.punch_connector - -> Spawning: 128.0.14.124:7070 (0).
   info 2023-05-17 08:15:15.096       lsvc   main  14866 170072  121                  fiber.scheduler - Spawning child fiber 125 (parent: 121).
   info 2023-05-17 08:15:15.096       lsvc   main  14866 170072  121           anynet.punch_connector - -> Spawning: 49.49.223.96:64125 (1).
   info 2023-05-17 08:15:15.096       lsvc   main  14866 170072  121                  fiber.scheduler - Spawning child fiber 126 (parent: 121).
   info 2023-05-17 08:15:15.096       lsvc   main  14866 170072  121           anynet.punch_connector - -> Spawning: 49.49.223.96:7070 (2).
   info 2023-05-17 08:15:15.096       lsvc   main  14866 170072  121                  fiber.scheduler - Spawning child fiber 127 (parent: 121).
   info 2023-05-17 08:15:15.096       lsvc   main  14866 170072  117                      app.session - 1: Net connection established.
   info 2023-05-17 08:15:15.096       lsvc   main  14866 170072  117                      app.session - 2: Requesting a session.
   info 2023-05-17 08:15:15.098       lsvc   main  14866 170072  125           anynet.punch_connector - [128.0.14.124:7070] Connecting
   info 2023-05-17 08:15:15.099       lsvc   main  14866 170072  126           anynet.punch_connector - [49.49.223.96:64125] Connecting (lport 51394, attempt 0).
   info 2023-05-17 08:15:15.099       lsvc   main  14866 170072  127           anynet.punch_connector - [49.49.223.96:7070] Connecting
   info 2023-05-17 08:15:15.982       lsvc   main  14866 170072  117                      app.session - Using protocol version 4.
   info 2023-05-17 08:15:15.983       lsvc   main  14866 170072  117                      app.session - 2: Session acknowledged.
   info 2023-05-17 08:15:15.983      front   wrk1  14864 170095                  app.frontend_session - Remote caps: sound_src, sound_sink, keyboard_sink, keyboard2, switch_sides, request_elevation, request_elevation_pw, clip_paste_files, clip_src_files, send_sas, block_input, request_vp_dimensions, keyboard_unicode, sysinfo, remote_restart, volatile_token, keyb_hint_src, filetransfer_server, filetransfer_client, remote_printing, whiteboard, tcp_tunnel, privacy_feature, encoder_reset, two_factor_auth, reverse_remote_printing, force_remote_restart, lossless_codec, report_kbd_focus, reset_vp_resolution, string_input, quality_adaptive, clipboard_split, portable
   info 2023-05-17 08:15:15.983      front   wrk1  14864 170095                  app.frontend_session - Remote OS: Windows
   info 2023-05-17 08:15:15.983      front   wrk1  14864 170095                  app.frontend_session - Connection flags: direct paid 3 4 
   info 2023-05-17 08:15:15.983      front   wrk1  14864 170095                  app.frontend_session - Remote version: 7.1.11
   info 2023-05-17 08:15:15.984       lsvc   main  14866 170072  117                      app.session - 3: Authentication.
   info 2023-05-17 08:15:15.984       lsvc   main  14866 170072  117                      app.session - Forwarding wait for accept challenge (0).
   info 2023-05-17 08:15:15.985      front   wrk2  14864 170096                  app.frontend_session - Received wait for accept request.
warning 2023-05-17 08:15:15.987      front   wrk2  14864 170096                  app.frontend_session - Remote asked for a volatile token, but we have none.
   info 2023-05-17 08:15:17.969       lsvc   main  14866 170072  117                      app.session - 3: Session granted.
   info 2023-05-17 08:15:17.970       lsvc   main  14866 170072  117                      app.session - Login token set. Updating session stats.
warning 2023-05-17 08:15:17.970       lsvc   main  14866 170072  117                      anynet.conn - Could not send login token. unavailable (15).
   info 2023-05-17 08:15:17.970       lsvc   main  14866 170072  117                      app.session - 4: Waiting for the frontend to be ready.
   info 2023-05-17 08:15:17.970      front   ctrl  14864 170093                  app.frontend_session - Starting connect session.
   info 2023-05-17 08:15:17.973      front   ctrl  14864 170093                          memory_arena - Reserving arena of 256 MB
   info 2023-05-17 08:15:17.973      front   ctrl  14864 170093                          memory_arena - Reserving arena of 128 MB
   info 2023-05-17 08:15:17.974      front   ctrl  14864 170093             desk_rt.display_component - Startup.
   info 2023-05-17 08:15:17.975      front   ctrl  14864 170093                      app.clipbrd_comp - Engaging clipboard.
   info 2023-05-17 08:15:17.975      front   ctrl  14864 170093                      app.clipbrd_comp - Ready.
   info 2023-05-17 08:15:18.080      front   ctrl  14864 170093                  app.frontend_session - Enabling screen capturing.
   info 2023-05-17 08:15:18.080      front   ctrl  14864 170093                  app.frontend_session - Session started.
   info 2023-05-17 08:15:18.080       lsvc   main  14866 170072  117                      app.session - 4: Frontend ready.
   info 2023-05-17 08:15:18.080       lsvc   main  14866 170072  117                      app.session - 5: Entering processing loop.
   info 2023-05-17 08:15:18.080       lsvc   main  14866 170072  117         anynet.client_packetizer - Adjusted send buffer: 8192
   info 2023-05-17 08:15:18.081       lsvc   main  14866 170072  117         anynet.client_packetizer - Adjusted send buffer: 8192
   info 2023-05-17 08:15:18.081      front   wrk2  14864 170096                  app.frontend_session - Received new remote caps: sound_src, sound_sink, keyboard_sink, keyboard2, switch_sides, request_elevation, request_elevation_pw, clip_paste_files, clip_src_files, send_sas, block_input, request_vp_dimensions, keyboard_unicode, sysinfo, remote_restart, volatile_token, keyb_hint_src, filetransfer_server, filetransfer_client, remote_printing, whiteboard, tcp_tunnel, privacy_feature, encoder_reset, two_factor_auth, reverse_remote_printing, force_remote_restart, lossless_codec, report_kbd_focus, reset_vp_resolution, string_input, quality_adaptive, clipboard_split, portable
   info 2023-05-17 08:15:18.081      front   wrk2  14864 170096                  app.frontend_session - Received new remote feature map: 66.
   info 2023-05-17 08:15:21.560      front   wrk1  14864 170095                  app.frontend_session - Received new remote caps: sound_src, sound_sink, keyboard_sink, keyboard2, switch_sides, clip_paste_files, clip_src_files, send_sas, block_input, request_vp_dimensions, keyboard_unicode, sysinfo, remote_restart, volatile_token, keyb_hint_src, filetransfer_server, filetransfer_client, remote_printing, whiteboard, tcp_tunnel, privacy_feature, encoder_reset, two_factor_auth, reverse_remote_printing, force_remote_restart, lossless_codec, report_kbd_focus, reset_vp_resolution, string_input, quality_adaptive, clipboard_split, portable
   info 2023-05-17 08:15:21.560      front   wrk1  14864 170095                  app.frontend_session - Received new remote feature map: 66.
   info 2023-05-17 08:15:21.615      front   wrk2  14864 170096                   audio.device_render - Starting render, queue full.
   info 2023-05-17 08:15:21.615      front   wrk0  14864 170094                  app.frontend_session - Keyboard layouts differ (l:en_us != r:unknown). Auto-mode is Translate, user-mode is 0.
   info 2023-05-17 08:15:21.615      front   wrk3  14864 170097             desk_rt.display_component - Received monitor info. Monitor count: 1.
   info 2023-05-17 08:15:21.622      front   wrk1  14864 170095                  app.frontend_session - Received new input permissions: (enabled allowed supported)
   info 2023-05-17 08:15:21.622      front   wrk0  14864 170094                  app.frontend_session - Received new audio permissions: (enabled allowed supported)
   info 2023-05-17 08:15:22.182      front   wrk3  14864 170097                                glwrap - Initializing OpenGL: 2.1 Metal - 83
   info 2023-05-17 08:15:22.192      front   wrk1  14864 170095                  app.frontend_session - Updating clipboard permissions: (enabled allowed supported)
   info 2023-05-17 08:15:22.192      front   wrk1  14864 170095                  app.frontend_session - Received new clipboard permissions: (enabled allowed supported)
   info 2023-05-17 08:15:22.196      front   wrk0  14864 170094                  app.frontend_session - Received new permissions to block input: (disabled forbidden supported)
   info 2023-05-17 08:15:22.199      front   wrk1  14864 170095                  app.frontend_session - Received new sas permissions: (disabled forbidden unsupported)
   info 2023-05-17 08:15:22.201      front   wrk0  14864 170094                  app.frontend_session - Received new file manager permissions: (enabled allowed supported)
   info 2023-05-17 08:15:22.201      front   wrk3  14864 170097                  app.frontend_session - Received new permissions to lock account: (disabled allowed supported)
   info 2023-05-17 08:15:22.204      front   wrk1  14864 170095                  app.frontend_session - Received new record session permissions: (disabled allowed supported)
   info 2023-05-17 08:15:22.207      front   wrk0  14864 170094                  app.frontend_session - Received new whiteboard permissions: (disabled allowed supported)
   info 2023-05-17 08:15:22.209      front   wrk3  14864 170097                  app.frontend_session - Received new TCP tunneling permissions: (enabled forbidden supported)
   info 2023-05-17 08:15:22.213      front   wrk0  14864 170094                  app.frontend_session - Received new VPN permissions: (enabled forbidden unsupported)
   info 2023-05-17 08:15:22.215      front   wrk3  14864 170097                  app.frontend_session - Received new privacy feature permissions: (disabled forbidden supported)
   info 2023-05-17 08:15:22.218      front   wrk0  14864 170094                  app.frontend_session - Updating clipboard_files permissions: (enabled allowed supported)
   info 2023-05-17 08:15:22.218      front   wrk0  14864 170094                  app.frontend_session - Received new clipboard_files permissions: (enabled allowed supported)
   info 2023-05-17 08:15:22.222      front   wrk1  14864 170095                  app.frontend_session - Received new permission to restart: (disabled allowed supported)
   info 2023-05-17 08:15:22.222      front   wrk3  14864 170097                  app.frontend_session - Received new permission to sysinfo: (enabled allowed supported)
   info 2023-05-17 08:15:22.222      front   wrk0  14864 170094                  app.frontend_session - Received new permission to mouse_pointer: (disabled allowed supported)
   info 2023-05-17 08:15:22.224      front   wrk1  14864 170095                  app.frontend_session - Received new permission to modify_forbidden_windows: (disabled forbidden supported)
   info 2023-05-17 08:15:22.226      front   wrk3  14864 170097             desk_rt.display_component - Remote resolution changed: Monitor 0 (1920x1080)
   info 2023-05-17 08:15:22.226      front   wrk3  14864 170097                  desk_rt.gl_view.port - Created back texture 1920x1080
   info 2023-05-17 08:15:22.226      front   wrk3  14864 170097                  desk_rt.gl_view.port - Initialized (1920x1080, X8R8G8B8).
   info 2023-05-17 08:15:22.599      front   wrk0  14864 170094                  app.frontend_session - Identical keyboard layout (en_us). Auto-mode is 1:1, user-mode is 0.
   info 2023-05-17 08:15:22.608      front   wrk0  14864 170094                  app.frontend_session - Requesting a new thumbnail.
   info 2023-05-17 08:15:22.608      front   wrk0  14864 170094             app.tcp_tunnel.raw_config - Loading config from ad.session.tcp_tunneling.fwd.local.1090681229.
   info 2023-05-17 08:15:22.608      front   wrk0  14864 170094             app.tcp_tunnel.raw_config - Loading config from ad.session.tcp_tunneling.bwd.local.1090681229.
   info 2023-05-17 08:15:22.608       lsvc   main  14866 170072  117            app.tcp_tunnel.config - deserialized rules 2
   info 2023-05-17 08:15:22.608       lsvc   main  14866 170072  117            app.tcp_tunnel.config - Forward rules:
   info 2023-05-17 08:15:22.953      front   wrk1  14864 170095                  app.frontend_session - Updated the thumbnail.
   info 2023-05-17 08:15:30.099       lsvc   main  14866 170072  125           anynet.punch_connector - [128.0.14.124:7070] Connection failed (result_timeout)).
   info 2023-05-17 08:15:30.100       lsvc   main  14866 170072                       fiber.scheduler - Fiber 125 (parent: 121) terminated.
   info 2023-05-17 08:15:30.100       lsvc   main  14866 170072  126           anynet.punch_connector - [49.49.223.96:64125] Connect failed (result_timeout)).
   info 2023-05-17 08:15:30.100       lsvc   main  14866 170072  127           anynet.punch_connector - [49.49.223.96:7070] Connection failed (result_timeout)).
   info 2023-05-17 08:15:30.100       lsvc   main  14866 170072                       fiber.scheduler - Fiber 127 (parent: 121) terminated.
   info 2023-05-17 08:15:30.351       lsvc   main  14866 170072  126           anynet.punch_connector - [49.49.223.96:64125] Connecting (lport 51394, attempt 1).
   info 2023-05-17 08:15:45.352       lsvc   main  14866 170072  126           anynet.punch_connector - [49.49.223.96:64125] Connect failed (result_timeout)).
   info 2023-05-17 08:15:45.605       lsvc   main  14866 170072  126           anynet.punch_connector - [49.49.223.96:64125] Connecting (lport 51394, attempt 2).
   info 2023-05-17 08:16:00.607       lsvc   main  14866 170072  126           anynet.punch_connector - [49.49.223.96:64125] Connect failed (result_timeout)).
   info 2023-05-17 08:16:00.859       lsvc   main  14866 170072  126           anynet.punch_connector - [49.49.223.96:64125] Connecting (lport 51394, attempt 3).
   info 2023-05-17 08:16:15.859       lsvc   main  14866 170072  126           anynet.punch_connector - [49.49.223.96:64125] Connect failed (result_timeout)).
  error 2023-05-17 08:16:15.860       lsvc   main  14866 170072  126           anynet.punch_connector - [49.49.223.96:64125] Too many retries.
   info 2023-05-17 08:16:15.860       lsvc   main  14866 170072                       fiber.scheduler - Fiber 126 (parent: 121) terminated.
   info 2023-05-17 08:16:15.860       lsvc   main  14866 170072  121           anynet.punch_connector - All connect fibers have failed.
   info 2023-05-17 08:16:20.862       lsvc   main  14866 170072  121           anynet.punch_connector - Quit timeout has expired. Connect failed.
   info 2023-05-17 08:16:20.863       lsvc   main  14866 170072                       fiber.scheduler - Fiber 121 (parent: 119) terminated.
  error 2023-05-17 08:16:20.863       lsvc   main  14866 170072  119       anynet.managed_client_conn - Connect error (result_unknown).
   info 2023-05-17 08:16:20.863       lsvc   main  14866 170072  119            anynet.connection_mgr - Forcing cleanup.
   info 2023-05-17 08:16:20.863       lsvc   main  14866 170072  119       anynet.managed_client_conn - Managed client connection failed.
   info 2023-05-17 08:16:20.863       lsvc   main  14866 170072                       fiber.scheduler - Fiber 119 terminated.
   info 2023-05-17 08:16:20.863       lsvc   main  14866 170072    3            anynet.connection_mgr - Managed client connection with 91cca3ba9ba23ef44deee9aa634a935b7d6a4a6e failed (result_unknown).
   info 2023-05-17 08:16:20.863       lsvc   main  14866 170072    3            anynet.connection_mgr - Cleaned up 1/1 managed client connections.
   info 2023-05-17 08:16:20.864       lsvc   main  14866 170072    3            anynet.connection_mgr - Cleaned up 0/1 supplemental relay connections.
   info 2023-05-17 08:16:20.864       lsvc   main  14866 170072  118                anynet.any_socket - Direct connection closed (result_unknown).
   info 2023-05-17 08:17:27.949      front   wrk1  14864 170095                      app.clipbrd_comp - Got a text offer (8 b).
   info 2023-05-17 08:18:42.010      front   wrk1  14864 170095                      app.clipbrd_comp - Got a text offer (608 b).
   info 2023-05-17 08:18:42.260      front   wrk1  14864 170095                      app.clipbrd_comp - Got a text offer (608 b).
   info 2023-05-17 08:18:42.458      front   wrk1  14864 170095                      app.clipbrd_comp - Got a text offer (608 b).
   info 2023-05-17 08:18:42.609      front   wrk1  14864 170095                      app.clipbrd_comp - Got a text offer (608 b).
   info 2023-05-17 08:18:42.843      front   wrk1  14864 170095                      app.clipbrd_comp - Got a text offer (608 b).
   info 2023-05-17 08:20:29.037      front   wrk1  14864 170095                      app.clipbrd_comp - Got a text offer (1004 b).
   info 2023-05-17 08:20:29.250      front   wrk1  14864 170095                      app.clipbrd_comp - Got a text offer (1004 b).
   info 2023-05-17 08:20:29.418      front   wrk1  14864 170095                      app.clipbrd_comp - Got a text offer (1004 b).
   info 2023-05-17 08:20:49.426      front   wrk0  14864 170094                      app.clipbrd_comp - Got a text offer (22 b).
   info 2023-05-17 08:20:50.129      front   wrk0  14864 170094                      app.clipbrd_comp - Got a text offer (26 b).
   info 2023-05-17 08:21:11.148      front   wrk1  14864 170095                      app.clipbrd_comp - Got a text offer (1004 b).
   info 2023-05-17 08:21:11.409      front   wrk1  14864 170095                      app.clipbrd_comp - Got a text offer (1004 b).
   info 2023-05-17 08:21:11.591      front   wrk1  14864 170095                      app.clipbrd_comp - Got a text offer (1004 b).
   info 2023-05-17 08:21:36.058      front   wrk1  14864 170095                      app.clipbrd_comp - Got a text offer (2654 b).
   info 2023-05-17 08:21:36.335      front   wrk1  14864 170095                      app.clipbrd_comp - Got a text offer (2654 b).
   info 2023-05-17 08:21:36.493      front   wrk1  14864 170095                      app.clipbrd_comp - Got a text offer (2654 b).
   info 2023-05-17 08:21:36.682      front   wrk1  14864 170095                      app.clipbrd_comp - Got a text offer (2654 b).
   info 2023-05-17 08:21:59.626      front   wrk1  14864 170095                      app.clipbrd_comp - Got a text offer (608 b).
   info 2023-05-17 08:21:59.830      front   wrk1  14864 170095                      app.clipbrd_comp - Got a text offer (608 b).
   info 2023-05-17 08:22:00.024      front   wrk1  14864 170095                      app.clipbrd_comp - Got a text offer (608 b).
   info 2023-05-17 08:24:07.061      front   wrk1  14864 170095                      app.clipbrd_comp - Got a text offer (1004 b).
   info 2023-05-17 08:24:07.280      front   wrk1  14864 170095                      app.clipbrd_comp - Got a text offer (1004 b).
   info 2023-05-17 08:24:07.437      front   wrk1  14864 170095                      app.clipbrd_comp - Got a text offer (1004 b).
   info 2023-05-17 08:33:04.065      front   wrk1  14864 170095                      app.clipbrd_comp - Got a text offer (26 b).
   info 2023-05-17 08:34:00.028      front   wrk1  14864 170095                      app.clipbrd_comp - Got a text offer (16 b).
   info 2023-05-17 08:34:07.977      front   wrk1  14864 170095                      app.clipbrd_comp - Got a text offer (14 b).
   info 2023-05-17 08:34:29.788      front   wrk1  14864 170095                      app.clipbrd_comp - Got a text offer (424 b).
   info 2023-05-17 08:34:30.008      front   wrk1  14864 170095                      app.clipbrd_comp - Got a text offer (424 b).
   info 2023-05-17 08:34:30.211      front   wrk1  14864 170095                      app.clipbrd_comp - Got a text offer (424 b).
   info 2023-05-17 08:36:22.463      front   wrk1  14864 170095                      app.clipbrd_comp - Got a text offer (130 b).
   info 2023-05-17 08:40:33.835      front   wrk1  14864 170095                      app.clipbrd_comp - Got a text offer (134 b).
   info 2023-05-17 08:45:32.696      front   main  14864 170032                  app.frontend_session - The user has requested a connection quit.
   info 2023-05-17 08:45:32.705      front   ctrl  14864 170093                  app.frontend_session - Stopping session.
   info 2023-05-17 08:45:32.817      front   ctrl  14864 170093             desk_rt.display_component - Stopping objects.
   info 2023-05-17 08:45:32.841      front   ctrl  14864 170093                      app.clipbrd_comp - Closing clipboard.
   info 2023-05-17 08:45:32.841      front   ctrl  14864 170093                      app.clipbrd_comp - Clipboard closed.
   info 2023-05-17 08:45:32.841      front   ctrl  14864 170093                  app.frontend_session - Session stopped.
   info 2023-05-17 08:45:32.841       lsvc   main  14866 170072  117                      app.session - IPC socket closed normally.
   info 2023-05-17 08:45:32.841      front   ctrl  14864 170093                      mac_app.frontend - Session count: 0
   info 2023-05-17 08:45:32.841      front   main  14864 170032                  app.frontend_session - Deleting session.
   info 2023-05-17 08:45:32.842      front   main  14864 170032                     gui.display_panel - Deleting.
   info 2023-05-17 08:45:32.842      front   main  14864 170032                      mac_app.frontend - restoring idle sleep for frontend user
   info 2023-05-17 08:45:32.842      front   main  14864 170032                  desk_rt.gl_view.port - Deleted
   info 2023-05-17 08:45:32.842       lsvc   main  14866 170072  117                      app.session - 5: Processing done.
   info 2023-05-17 08:45:32.842      front   main  14864 170032                          desk_rt.view - View deleted.
   info 2023-05-17 08:45:32.842       lsvc   main  14866 170072                       fiber.scheduler - Fiber 117 'ipc_connection' (parent: 1) requested quit of fiber 118.
   info 2023-05-17 08:45:32.843       lsvc   main  14866 170072  118                anynet.any_socket - Received quit.
   info 2023-05-17 08:45:32.843       lsvc   main  14866 170072  118                anynet.any_socket - Connect fiber stopped.
   info 2023-05-17 08:45:32.843       lsvc   main  14866 170072                       fiber.scheduler - Fiber 118 terminated.
   info 2023-05-17 08:45:32.843       lsvc   main  14866 170072    3            anynet.connection_mgr - Scheduling cleanup in 30 seconds.
   info 2023-05-17 08:45:32.843      front   main  14864 170032              base.prot.job_dispatcher - 0 undelivered packets.
   info 2023-05-17 08:45:32.843       lsvc   main  14866 170072  117                      app.service - Fiber exit (ipc).
   info 2023-05-17 08:45:32.843       lsvc   main  14866 170072                       fiber.scheduler - Fiber 117 'ipc_connection' (parent: 1) terminated.
   info 2023-05-17 08:45:32.843      front   timr  14864 170868          base.signal.local.timer_impl - Timer wants to quit.
   info 2023-05-17 08:45:32.843      front   timr  14864 170867          base.signal.local.timer_impl - Timer wants to quit.
   info 2023-05-17 08:45:32.844       lsvc   main  14866 170072   11                      app.service - Stop monitoring 1090681229.
   info 2023-05-17 08:45:41.061      front   main  14864 170032                             backtrace - ****** BACKTRACE ******
   info 2023-05-17 08:45:41.067      front   main  14864 170032                             backtrace - 0   AnyDesk                             0x0000000100c2ca64 AnyDesk + 2116196 :0x100a28000
   info 2023-05-17 08:45:41.068      front   main  14864 170032                             backtrace - 1   AnyDesk                             0x0000000100c2cb80 AnyDesk + 2116480 :0x100a28000
   info 2023-05-17 08:45:41.068      front   main  14864 170032                             backtrace - 2   libsystem_platform.dylib            0x000000019cd602a4 _sigtramp + 56 :0x19cd5c000
   info 2023-05-17 08:45:41.068      front   main  14864 170032                             backtrace - 3   ???                                 0xffff800100eec3e4 0x0 + 18446603340531811300 :0x19cd5c000
   info 2023-05-17 08:45:41.068      front   main  14864 170032                             backtrace - 4   Foundation                          0x000000019dd5344c __NSFireTimer + 104 :0x19dcbd000
   info 2023-05-17 08:45:41.068      front   main  14864 170032                             backtrace - 5   CoreFoundation                      0x000000019ce2b54c __CFRUNLOOP_IS_CALLING_OUT_TO_A_TIMER_CALLBACK_FUNCTION__ + 32 :0x19cd90000
   info 2023-05-17 08:45:41.068      front   main  14864 170032                             backtrace - 6   CoreFoundation                      0x000000019ce2b1f4 __CFRunLoopDoTimer + 940 :0x19cd90000
   info 2023-05-17 08:45:41.068      front   main  14864 170032                             backtrace - 7   CoreFoundation                      0x000000019ce2ad4c __CFRunLoopDoTimers + 356 :0x19cd90000
   info 2023-05-17 08:45:41.068      front   main  14864 170032                             backtrace - 8   CoreFoundation                      0x000000019ce10704 __CFRunLoopRun + 1848 :0x19cd90000
   info 2023-05-17 08:45:41.068      front   main  14864 170032                             backtrace - 9   CoreFoundation                      0x000000019ce0f878 CFRunLoopRunSpecific + 612 :0x19cd90000
   info 2023-05-17 08:45:41.068      front   main  14864 170032                             backtrace - 10  HIToolbox                           0x00000001a64effa0 RunCurrentEventLoopInMode + 292 :0x1a64be000
   info 2023-05-17 08:45:41.068      front   main  14864 170032                             backtrace - 11  HIToolbox                           0x00000001a64efde4 ReceiveNextEventCommon + 672 :0x1a64be000
   info 2023-05-17 08:45:41.068      front   main  14864 170032                             backtrace - 12  HIToolbox                           0x00000001a64efb2c _BlockUntilNextEventMatchingListInModeWithFilter + 72 :0x1a64be000
   info 2023-05-17 08:45:41.069      front   main  14864 170032                             backtrace - 13  AppKit                              0x00000001a009584c _DPSNextEvent + 632 :0x1a005c000
   info 2023-05-17 08:45:41.069      front   main  14864 170032                             backtrace - 14  AppKit                              0x00000001a00949dc -[NSApplication(NSEvent) _nextEventMatchingEventMask:untilDate:inMode:dequeue:] + 728 :0x1a005c000
   info 2023-05-17 08:45:41.069      front   main  14864 170032                             backtrace - 15  AppKit                              0x00000001a0088e0c -[NSApplication run] + 464 :0x1a005c000
   info 2023-05-17 08:45:41.069      front   main  14864 170032                             backtrace - 16  AnyDesk                             0x0000000100c2e6bc AnyDesk + 2123452 :0x100a28000
   info 2023-05-17 08:45:41.069      front   main  14864 170032                             backtrace - 17  dyld                                0x000000019ca07e50 start + 2544 :0x19ca02000
   info 2023-05-17 08:45:41.069      front   main  14864 170032                             backtrace - **** END BACKTRACE ****
   info 2023-05-17 08:45:41.069      front   main  14864 170032                               SIGSEGV - Sigsegv
warning 2023-05-17 08:45:41.703       lsvc   main  14866 170072                   fiber.ipc_namespace - Zombie process detected (14864). Fixing the state.
   info 2023-05-17 08:45:43.704       lsvc   main  14866 170072    1                      app.service - Process stop: 14864.
   info 2023-05-17 08:45:43.704       lsvc   main  14866 170072    1           anynet.relay_connector - Short timeouts disabled.
   info 2023-05-17 08:45:43.704       lsvc   main  14866 170072   11                      app.service - IPC socket closed.
   info 2023-05-17 08:45:43.705       lsvc   main  14866 170072                       fiber.scheduler - Fiber 11 'ipc_connection' (parent: 1) requested quit of fiber 12 'account_adapter' (parent: 11 'ipc_connection').
   info 2023-05-17 08:45:43.707       lsvc   main  14866 170072   12                      fiber.fiber - Received quit.
   info 2023-05-17 08:45:43.707       lsvc   main  14866 170072                       fiber.scheduler - Fiber 12 'account_adapter' (parent: 11 'ipc_connection') terminated.
   info 2023-05-17 08:45:43.707       lsvc   main  14866 170072                       fiber.scheduler - Fiber 11 'ipc_connection' (parent: 1) requested quit of fiber 14 'online_monitor'.
   info 2023-05-17 08:45:43.707       lsvc   main  14866 170072   14               app.online_monitor - Online state monitor stopped.
   info 2023-05-17 08:45:43.707       lsvc   main  14866 170072                       fiber.scheduler - Fiber 14 'online_monitor' terminated.
   info 2023-05-17 08:45:43.708       lsvc   main  14866 170072   11                      app.service - Fiber exit (ipc).
   info 2023-05-17 08:45:43.708       lsvc   main  14866 170072                       fiber.scheduler - Fiber 11 'ipc_connection' (parent: 1) terminated.
   info 2023-05-17 08:45:53.709       lsvc   main  14866 170072    1                      app.service - Initiating auto-shutdown.
   info 2023-05-17 08:45:53.710       lsvc   main  14866 170072                       fiber.scheduler - Fiber 1 requested quit of fiber 2 'license_adapter' (parent: 1).
   info 2023-05-17 08:45:53.710       lsvc   main  14866 170072    2                      fiber.fiber - Received quit.
   info 2023-05-17 08:45:53.710       lsvc   main  14866 170072                       fiber.scheduler - Fiber 2 'license_adapter' (parent: 1) terminated.
   info 2023-05-17 08:45:53.710       lsvc   main  14866 170072    1                      app.service - Service shutdown.
   info 2023-05-17 08:45:53.711       lsvc   main  14866 170072                       fiber.scheduler - Fiber 1 requested quit of fiber 7 'wol_service' (parent: 1).
   info 2023-05-17 08:45:53.712       lsvc   main  14866 170072    7                      fiber.fiber - Received quit.
   info 2023-05-17 08:45:53.712       lsvc   main  14866 170072                       fiber.scheduler - Fiber 7 'wol_service' (parent: 1) terminated.
   info 2023-05-17 08:45:53.712       lsvc   main  14866 170072                       fiber.scheduler - Fiber 1 requested quit of fiber 8 'invitation_service' (parent: 1).
   info 2023-05-17 08:45:53.712       lsvc   main  14866 170072    8                      fiber.fiber - Received quit.
   info 2023-05-17 08:45:53.712       lsvc   main  14866 170072                       fiber.scheduler - Fiber 8 'invitation_service' (parent: 1) terminated.
   info 2023-05-17 08:45:53.712       lsvc   main  14866 170072                       fiber.scheduler - Fiber 1 requested quit of fiber 6.
   info 2023-05-17 08:45:53.712       lsvc   main  14866 170072    6                anynet.any_socket - Listen fiber stopped.
   info 2023-05-17 08:45:53.712       lsvc   main  14866 170072                       fiber.scheduler - Fiber 6 terminated.
   info 2023-05-17 08:45:53.712       lsvc   main  14866 170072    1            anynet.connection_mgr - Connection manager shutdown.
   info 2023-05-17 08:45:53.712       lsvc   main  14866 170072                       fiber.scheduler - Fiber 1 requested quit of fiber 120.
   info 2023-05-17 08:45:53.712       lsvc   main  14866 170072  120           anynet.supp_relay_conn - Supplementary relay connection stopped.
   info 2023-05-17 08:45:53.712       lsvc   main  14866 170072  120            anynet.connection_mgr - Forcing cleanup.
   info 2023-05-17 08:45:53.712       lsvc   main  14866 170072                       fiber.scheduler - Fiber 120 requested quit of fiber 124.
   info 2023-05-17 08:45:53.712       lsvc   main  14866 170072  124                      fiber.fiber - Received quit.
   info 2023-05-17 08:45:53.712       lsvc   main  14866 170072                       fiber.scheduler - Fiber 124 terminated.
   info 2023-05-17 08:45:53.713       lsvc   main  14866 170072    3            anynet.connection_mgr - Supplementary relay connection to 44ae70a8 failed (result_quit).
   info 2023-05-17 08:45:53.713       lsvc   main  14866 170072    3            anynet.connection_mgr - Cleaned up 1/1 supplemental relay connections.
   info 2023-05-17 08:45:53.713       lsvc   main  14866 170072                       fiber.scheduler - Fiber 120 requested quit of fiber 123.
   info 2023-05-17 08:45:53.713       lsvc   main  14866 170072  123                      fiber.fiber - Received quit.
   info 2023-05-17 08:45:53.713       lsvc   main  14866 170072                       fiber.scheduler - Fiber 123 terminated.
   info 2023-05-17 08:45:53.715       lsvc   main  14866 170072                       fiber.scheduler - Fiber 120 terminated.
   info 2023-05-17 08:45:53.715       lsvc   main  14866 170072                       fiber.scheduler - Fiber 1 requested quit of fiber 4 'main_relay_conn'.
   info 2023-05-17 08:45:53.715       lsvc   main  14866 170072    4           anynet.main_relay_conn - Main relay connection closed.
   info 2023-05-17 08:45:53.717       lsvc   main  14866 170072    4            anynet.connection_mgr - Forcing cleanup.
   info 2023-05-17 08:45:53.717       lsvc   main  14866 170072                       fiber.scheduler - Fiber 4 'main_relay_conn' requested quit of fiber 115.
   info 2023-05-17 08:45:53.717       lsvc   main  14866 170072  115                      fiber.fiber - Received quit.
   info 2023-05-17 08:45:53.717       lsvc   main  14866 170072                       fiber.scheduler - Fiber 115 terminated.
   info 2023-05-17 08:45:53.717       lsvc   main  14866 170072    3            anynet.connection_mgr - Main relay connection failed (result_quit).
   info 2023-05-17 08:45:53.717       lsvc   main  14866 170072                       fiber.scheduler - Fiber 4 'main_relay_conn' requested quit of fiber 114.
   info 2023-05-17 08:45:53.717       lsvc   main  14866 170072  114                      fiber.fiber - Received quit.
   info 2023-05-17 08:45:53.717       lsvc   main  14866 170072                       fiber.scheduler - Fiber 114 terminated.
   info 2023-05-17 08:45:53.717       lsvc   main  14866 170072                       fiber.scheduler - Fiber 4 'main_relay_conn' terminated.
   info 2023-05-17 08:45:53.717       lsvc   main  14866 170072                       fiber.scheduler - Fiber 1 requested quit of fiber 3 'connection_mgr'.
   info 2023-05-17 08:45:53.718       lsvc   main  14866 170072    3            anynet.connection_mgr - Connection manager fiber quit.
   info 2023-05-17 08:45:53.718       lsvc   main  14866 170072                       fiber.scheduler - Fiber 3 'connection_mgr' terminated.
   info 2023-05-17 08:45:53.718       lsvc   main  14866 170072                       fiber.scheduler - Fiber 1 requested quit of fiber 5 'tcp_acceptor'.
   info 2023-05-17 08:45:53.718       lsvc   main  14866 170072    5              anynet.tcp_acceptor - Received quit.
   info 2023-05-17 08:45:53.718       lsvc   main  14866 170072                       fiber.scheduler - Fiber 5 'tcp_acceptor' terminated.
   info 2023-05-17 08:45:53.718       lsvc   main  14866 170072    1                  fiber.scheduler - Quitting scheduler (0).
   info 2023-05-17 08:45:53.718       lsvc   main  14866 170072                       fiber.scheduler - Fiber 1 terminated.
   info 2023-05-17 08:45:53.718       lsvc   main  14866 170072                       fiber.scheduler - Quitting all fibers.
   info 2023-05-17 08:45:53.719       lsvc   main  14866 170072  116                    app.discovery - Left multicast group 239.255.102.18:50001.
   info 2023-05-17 08:45:53.719       lsvc   main  14866 170072  116                    app.discovery - Discovery fiber stopped.
   info 2023-05-17 08:45:53.719       lsvc   main  14866 170072                       fiber.scheduler - Fiber 116 'discovery' terminated.
   info 2023-05-17 08:45:53.719       lsvc   main  14866 170072                       fiber.scheduler - All fibers terminated.
   info 2023-05-17 08:45:53.719       lsvc   main  14866 170072                       fiber.scheduler - Scheduler stopped (0).
   info 2023-05-17 08:45:53.720       lsvc   main  14866 170072                      main.run_service - Exiting
